dataset	group	severity	stage	cell_type_v0	KYN_metabolism_score__mean	KYN_metabolism_score__median	KYN_metabolism_score__std	KYN_metabolism_score__count	AHR_response_score__mean	AHR_response_score__median	AHR_response_score__std	AHR_response_score__count	AHR_regulon_proxy_score__mean	AHR_regulon_proxy_score__median	AHR_regulon_proxy_score__std	AHR_regulon_proxy_score__count	myeloid_inflammation_score__mean	myeloid_inflammation_score__median	myeloid_inflammation_score__std	myeloid_inflammation_score__count	chemotaxis_score__mean	chemotaxis_score__median	chemotaxis_score__std	chemotaxis_score__count	antigen_presentation_score__mean	antigen_presentation_score__median	antigen_presentation_score__std	antigen_presentation_score__count	Kyn_AHR_myeloid_score__mean	Kyn_AHR_myeloid_score__median	Kyn_AHR_myeloid_score__std	Kyn_AHR_myeloid_score__count	Kyn_AHR_axis_score__mean	Kyn_AHR_axis_score__median	Kyn_AHR_axis_score__std	Kyn_AHR_axis_score__count	myeloid_effector_score__mean	myeloid_effector_score__median	myeloid_effector_score__std	myeloid_effector_score__count
CNP0005824	CVB3_myocarditis	disease	acute	CD16_Monocyte	0.0019415071422070832	0.0014140419830886999	0.0041036346719720606	6	-0.025280165061313215	-0.0266841491057569	0.01514632644245846	6	0.0924455716480465	0.0737533757715074	0.052843724260918816	6	0.19683597226757665	0.17651326643406934	0.15299790408231909	6	0.28671443359989207	0.2975436282475009	0.10250883705077597	6	-0.04796350860337164	-0.05451601992960175	0.05864547242983415	6	0.29090192074322874	0.21335589179044073	0.22822317202588024	6	0.17426292955513323	0.1250504377527551	0.12501740957137997	6	0.5873018561425719	0.5623311757231056	0.3314618532943788	6
CNP0005824	CVB3_myocarditis	disease	acute	DC	-0.0007033474320342167	-0.0027353066668546503	0.004729974853205598	6	-0.027258172129717515	-0.0293388389152883	0.02067147902015818	6	0.0409918459761006	0.0229317581393653	0.045489462314110427	6	0.1068176653012441	0.07457993364231691	0.13074587451603656	6	0.050193310105471546	0.0652271146153709	0.12796498104641765	6	-0.022237041010299802	-0.06596343675370744	0.09301717569637492	6	0.11651029307176407	0.03709022244574355	0.20217283312222964	6	0.05771067809220896	0.0267202258601783	0.12457992607204409	6	0.21446736040088007	0.14723766463970667	0.36866661004330675	6
CNP0005824	CVB3_myocarditis	disease	acute	Monocyte	-0.004246495737184184	-0.00357970070734385	0.0017731655164623797	6	-0.02086330031794995	-0.0212219670454334	0.01640108197561417	6	0.08877382734091128	0.06342176065168965	0.06025068492995735	6	0.38408779836942203	0.37550234724492604	0.1795997775033539	6	0.1325092711322694	0.18734731875896585	0.13565110493749682	6	-0.05956389640184634	-0.08693853961034645	0.06419582016310335	6	0.4466765513518401	0.3967396381170446	0.26334571683913643	6	0.1407272950539854	0.09665107448349736	0.13441276539379282	6	0.6404008216750174	0.6663517456664734	0.4158543096923226	6
CNP0005824	CVB3_myocarditis	disease	acute	pDC	-0.0018483156392974664	-0.0038734312382602	0.005394596128098587	6	-0.0022098824389558155	0.00439662829543405	0.026586332371048568	6	0.07770264015794025	0.0555242795101229	0.05219689299249473	6	0.10096216038122237	0.07536969809062445	0.12683903574894204	6	-0.011180261766235036	-0.00474074042018055	0.12825973210493444	6	-0.09551949353653526	-0.1282833995116368	0.06290442395543384	6	0.19475588262055743	0.1075932408368218	0.22284529994805694	6	0.16958173448403135	0.12322889280066421	0.15640671275094964	6	0.0820284466722208	0.010220456406604711	0.3458587397096287	6
CNP0005824	IVIG_treated	treated	post_treatment	CD16_Monocyte	0.010633379562197743	0.0096778179960487	0.008163281604785813	7	-0.05790132684493338	-0.0586436350856626	0.01565119515578111	7	0.02530298172943197	0.0296419316161122	0.024003347655418877	7	-0.001125114658064528	-0.0212710038479482	0.05129018887841677	7	0.0806460662290683	0.0450327274747748	0.09343762455867871	7	0.3045616798277692	0.1121168493259252	0.37150254414507305	7	-0.006493790620259928	-0.036166040770924	0.07319453663623188	7	0.032767117858212555	0.0146507365057926	0.0739419205454317	7	0.3489364705286016	0.188744501319362	0.42120958544427695	7
CNP0005824	IVIG_treated	treated	post_treatment	DC	0.000430533799200043	-0.0008794643874735	0.005300158945679664	7	-0.07108303898688648	-0.0719198925372249	0.01411289884700492	7	-0.031683757554478546	-0.0333253845919575	0.012296968862476164	7	-0.07067630590989214	-0.0652959232994591	0.012792127722047332	7	-0.1459353603244493	-0.1489236432934162	0.034425545863689795	7	0.10563315825127437	-0.0069112161485594	0.1924726290388595	7	-0.21751575557119618	-0.2147843717753181	0.03713682527775172	7	-0.1589932170372996	-0.1691951982571942	0.037825805604600644	7	-0.1495910596419247	-0.2233236892174922	0.17887610209246432	7
CNP0005824	IVIG_treated	treated	post_treatment	Monocyte	-0.002024934130642986	-0.0020830974765312	0.0021191911755892756	7	-0.0558990423693819	-0.051748711447007	0.018068780258964863	7	0.012886552467646096	0.012803370077087	0.019881993918456315	7	0.15015729398292538	0.1660656344745927	0.05603816136599322	7	-0.07478689092602288	-0.0502356783637397	0.06377472852307114	7	0.09493753266923889	0.0246978383140092	0.1852560353910712	7	0.07099164922697135	0.0960411221143959	0.08788088232121695	7	-0.05881496996908353	-0.0327580137177446	0.05587479906142748	7	0.21002148609328075	0.2120086732448629	0.23733268675774924	7
CNP0005824	IVIG_treated	treated	post_treatment	pDC	-0.004461545726844743	-0.0060201290164055	0.0030247504964151643	7	-0.048203222374980245	-0.0540907515738341	0.017556329262756624	7	-0.005528227291742157	-0.0101956688769095	0.020812245959928068	7	-0.07455253728882894	-0.0802737375321843	0.017383940797940842	7	-0.1928410241427574	-0.1862174110303877	0.031083160263399353	7	0.003081171706080414	-0.053251098952259	0.14182309473714674	7	-0.1715108529370774	-0.1778687134054129	0.06632137143548246	7	-0.09265962665553336	-0.1163291816514227	0.06842978027322334	7	-0.2839419497395058	-0.3359771871526001	0.1350670282027481	7
CNP0005824	control	control	control	CD16_Monocyte	-0.0006610124442364	-0.0006610124442364		1	-0.0909994577385528	-0.0909994577385528		1	-0.0265456452929539	-0.0265456452929539		1	-0.0884414889364468	-0.0884414889364468		1	-0.1105554769398556	-0.1105554769398556		1	0.137215561967147	0.137215561967147		1	-0.2610441433881367	-0.2610441433881367		1	-0.1941443136219394	-0.1941443136219394		1	-0.1082465060796856	-0.1082465060796856		1
CNP0005824	control	control	control	DC	-0.0053229634412189	-0.0053229634412189		1	-0.1013383744533512	-0.1013383744533512		1	-0.073641183450352	-0.073641183450352		1	-0.1250118402136792	-0.1250118402136792		1	-0.2475251459718487	-0.2475251459718487		1	-0.1226417874082518	-0.1226417874082518		1	-0.398367286913425	-0.398367286913425		1	-0.3301285253776606	-0.3301285253776606		1	-0.5042474090199659	-0.5042474090199659		1
CNP0005824	control	control	control	Monocyte	0.0058654073572868	0.0058654073572868		1	-0.107856806324723	-0.107856806324723		1	-0.0414504963561915	-0.0414504963561915		1	-0.0053420437972703	-0.0053420437972703		1	-0.2227365621021837	-0.2227365621021837		1	-0.1218383588231339	-0.1218383588231339		1	-0.1987419289860569	-0.1987419289860569		1	-0.2181310946897131	-0.2181310946897131		1	-0.3206077792249635	-0.3206077792249635		1
CNP0005824	control	control	control	pDC	-0.0067428153479154	-0.0067428153479154		1	-0.0639048884703486	-0.0639048884703486		1	-0.0436490211418984	-0.0436490211418984		1	-0.1261868289522978	-0.1261868289522978		1	-0.2566112258652089	-0.2566112258652089		1	-0.1452869116384964	-0.1452869116384964		1	-0.3082847216130474	-0.3082847216130474		1	-0.2085047090129691	-0.2085047090129691		1	-0.5328437387170868	-0.5328437387170868		1
GSE166489	MIS-C	moderate	acute	CD16_Monocyte	0.0178509853137213	0.0178509853137213	0.01537932372367523	2	-0.00968518412275495	-0.00968518412275495	0.0023196705325237454	2	0.0828401595251078	0.0828401595251078	0.01999132869919015	2	0.30800625583222413	0.30800625583222413	0.16513026590409122	2	0.0671890482703844	0.0671890482703844	0.028755049417551283	2	1.2213953727748659	1.2213953727748659	0.5049253466567437	2	0.1233154293602857	0.1233154293602857	0.1608400021089437	2	0.08052765456792875	0.08052765456792875	0.11734023752794731	2	0.2509659890400952	0.2509659890400952	0.3032712151084048	2
GSE166489	MIS-C	moderate	acute	DC	0.0277976653763344	0.0277976653763344	0.02769578993150303	2	0.01350469673648315	0.01350469673648315	0.0452246100002004	2	0.05348009803500095	0.05348009803500095	0.033731482133417166	2	0.04934557266909666	0.04934557266909666	0.13327339108406136	2	0.06565121689830156	0.06565121689830156	0.06520731496536829	2	1.6223676579354933	1.6223676579354933	0.501703735047201	2	0.07053726084325765	0.07053726084325765	0.21078249510823965	2	0.1622750941242348	0.1622750941242348	0.3594213994226239	2	0.2343897780135473	0.2343897780135473	0.17482185095442554	2
GSE166489	MIS-C	moderate	acute	Monocyte	0.0157461581596215	0.0157461581596215	0.005148035819548938	2	0.0449354397577415	0.0449354397577415	0.03594556656884916	2	0.1522557890170782	0.1522557890170782	0.03253533352510067	2	1.053863503639576	1.053863503639576	0.015745165297519997	2	0.1376221024568524	0.1376221024568524	0.021153743965970574	2	0.6135610654943673	0.6135610654943673	0.044192913906403196	2	0.6550808797791168	0.6550808797791168	0.15317382547461916	2	0.3509096562954279	0.3509096562954279	0.1949720366140707	2	0.5628550402748607	0.5628550402748607	0.018576725077050545	2
GSE166489	MIS-C	moderate	acute	pDC	0.02473336250026575	0.02473336250026575	0.015690855042728068	2	-0.012912291615031001	-0.012912291615031001	0.0029941752134091675	2	0.02254707393743615	0.02254707393743615	0.03999830495528774	2	-0.0763610575988298	-0.0763610575988298	0.040692074067253066	2	0.048355703650237794	0.048355703650237794	0.1253413281311846	2	0.8390272965090615	0.8390272965090615	1.0150589143074136	2	-0.09789447246981181	-0.09789447246981181	0.13063948149641777	2	0.01162751077557335	0.01162751077557335	0.15025496922134657	2	-0.1277982294528445	-0.1277982294528445	0.5164369609491596	2
GSE166489	MIS-C	moderate	recovery	CD16_Monocyte	0.1396270113136198	0.1396270113136198		1	-0.0054820783206023	-0.0054820783206023		1	0.2667017834466716	0.2667017834466716		1	0.5738888590290387	0.5738888590290387		1	0.2539458929197618	0.2539458929197618		1	1.3751072743965045	1.3751072743965045		1	1.0212283468386625	1.0212283468386625		1	1.1213793362589	1.1213793362589		1	0.6758448844673431	0.6758448844673431		1
GSE166489	MIS-C	moderate	recovery	DC	0.0861831896219934	0.0861831896219934		1	0.0611883997289111	0.0611883997289111		1	0.2137785023781759	0.2137785023781759		1	0.2541482447822772	0.2541482447822772		1	0.0851157814316735	0.0851157814316735		1	2.590842932482835	2.590842932482835		1	0.7300636265095733	0.7300636265095733		1	0.9211991435557396	0.9211991435557396		1	0.7090039302749964	0.7090039302749964		1
GSE166489	MIS-C	moderate	recovery	Monocyte	0.0844804499767077	0.0844804499767077		1	0.2352459749143913	0.2352459749143913		1	0.499409999241206	0.499409999241206		1	1.4526878163630863	1.4526878163630863		1	0.5301994494802228	0.5301994494802228		1	0.9739672592053786	0.9739672592053786		1	2.0072523515904828	2.0072523515904828		1	1.91925639972102	1.91925639972102		1	1.3746106813596932	1.3746106813596932		1
GSE166489	MIS-C	moderate	recovery	pDC	0.0175618108640068	0.0175618108640068		1	-0.044148474134346	-0.044148474134346		1	0.0031445440801754	0.0031445440801754		1	-0.0975234591394575	-0.0975234591394575		1	0.0153049323239517	0.0153049323239517		1	1.255966382497894	1.255966382497894		1	-0.235301132535751	-0.235301132535751		1	-0.1591357623453723	-0.1591357623453723		1	-0.0356594064542496	-0.0356594064542496		1
GSE166489	MIS-C	severe	acute	CD16_Monocyte	0.0277335582907682	0.0351193500453047	0.01746736989809404	5	0.01281138994203838	0.0128804952733904	0.016954042824944417	5	0.18019821197602642	0.1852716879646311	0.04585302472847259	5	0.4342869597556085	0.4148243708843951	0.07736734642077146	5	0.10918410930742635	0.1010293773170951	0.08715881552735458	5	1.6982644223662593	1.527150761801261	0.451484710031806	5	0.3958539508680163	0.3779383172853253	0.06908260721380452	5	0.3696466761634403	0.3272338663173779	0.1175663385243034	5	0.5370855506389445	0.5776713060037783	0.2036391407209142	5
GSE166489	MIS-C	severe	acute	DC	0.054278250898364765	0.0338876801942076	0.07057655786193102	5	0.07155413755089383	0.0770903628700235	0.056892517063996756	5	0.13245138646391216	0.1701849690084282	0.13197942336474264	5	0.08569142453224846	0.0969871016632426	0.20760354321425922	5	0.004468224011368742	-0.0015013612400401	0.056353340604394495	5	1.2264181117025335	1.744304707334155	1.0357791998704464	5	0.4364877199225335	0.560980776033324	0.5448516297766609	5	0.6288340464510648	0.7464913153635886	0.6440342625065746	5	0.04944380781116166	0.2235384013364287	0.42348460856938835	5
GSE166489	MIS-C	severe	acute	Monocyte	0.0116068462318821	0.015279733185935	0.009809577145335624	5	0.04681251073565866	0.0508939597663466	0.03530373538671899	5	0.22120811893111383	0.2095419355658071	0.0592735637822052	5	1.2109958713284714	1.190167080838793	0.09233653984588486	5	0.2073353689034747	0.1600493669339707	0.09202100465863583	5	0.5117298451548212	0.5280293241996493	0.41968882860096196	5	0.7959284376162984	0.8170157654518604	0.1807854686700529	5	0.44629686488019116	0.5363420857809288	0.24069855440778676	5	0.7009722872745824	0.6990324475644538	0.24206089376425008	5
GSE166489	MIS-C	severe	acute	pDC	-0.00993999755599534	-0.0076234503632866	0.0083696988961963	5	-0.02359826561978102	-0.0179495607484536	0.014501226915428952	5	0.0477347279666655	0.0375720042635204	0.048129939274851215	5	-0.02907636524402918	-0.0647404515136371	0.06606510975390288	5	0.08672926460367668	0.071827878960766	0.07153411279316568	5	0.4976188510313658	0.3998213366319507	0.5742041951046515	5	-0.22486787311703424	-0.2219489490285059	0.13836671881357468	5	-0.18547848124655875	-0.1711848121256708	0.1524826709893689	5	-0.1725551881443817	-0.2450323317906301	0.18558332391410318	5
GSE166489	MIS-C	severe	recovery	CD16_Monocyte	0.0245085005184005	0.0245085005184005		1	-0.0371310028012405	-0.0371310028012405		1	0.1697533601995788	0.1697533601995788		1	0.3417522769432721	0.3417522769432721		1	0.083964491720086	0.083964491720086		1	1.1021099995776034	1.1021099995776034		1	0.2125477849779457	0.2125477849779457		1	0.179658095908496	0.179658095908496		1	0.2493514664116461	0.2493514664116461		1
GSE166489	MIS-C	severe	recovery	DC	0.0447647388471024	0.0447647388471024		1	0.1242945638119565	0.1242945638119565		1	0.2145457699526544	0.2145457699526544		1	0.137153505804322	0.137153505804322		1	0.13336294199894	0.13336294199894		1	3.1716465276147234	3.1716465276147234		1	0.6403797616968999	0.6403797616968999		1	0.8704252555076936	0.8704252555076936		1	0.8948741499907126	0.8948741499907126		1
GSE166489	MIS-C	severe	recovery	Monocyte	0.0195060007757415	0.0195060007757415		1	0.1008398920671939	0.1008398920671939		1	0.4579418503802171	0.4579418503802171		1	1.380618573684673	1.380618573684673		1	0.3250170457562968	0.3250170457562968		1	1.2548307940637042	1.2548307940637042		1	1.3245815624961808	1.3245815624961808		1	1.051412597851325	1.051412597851325		1	1.191242979687494	1.191242979687494		1
GSE166489	MIS-C	severe	recovery	pDC	0.0275379899110263	0.0275379899110263		1	-0.0484097796634306	-0.0484097796634306		1	-0.0235676756115561	-0.0235676756115561		1	-0.1439083112366048	-0.1439083112366048		1	0.0589048496255544	0.0589048496255544		1	1.7224365735204723	1.7224365735204723		1	-0.2543209574529843	-0.2543209574529843		1	-0.1572166004060679	-0.1572166004060679		1	0.1472093414438306	0.1472093414438306		1
GSE166489	adult_healthy	adult_control	control	CD16_Monocyte	0.0487726896896693	0.051319463493326	0.0045471310470239345	3	-0.044249500123067165	-0.0442689842859703	0.0006682799281730719	3	0.05881720868820794	0.0552638935404012	0.060435405215821456	3	0.14746001749070006	0.1433245215874684	0.1100883721186238	3	0.013976770097598767	0.0171197597561993	0.006977016476052993	3	1.6637173331240664	1.57195657659856	0.29047094840804855	3	0.08073430348282552	0.0857979556631935	0.13975335968577113	3	0.11817005237113665	0.127353673482824	0.12179730775649149	3	0.2465213044377199	0.2034220208945426	0.16563855817642248	3
GSE166489	adult_healthy	adult_control	control	DC	0.0643259456464398	0.0598606359051964	0.013913832922135723	3	0.0061653606413881	0.0063010671936638	0.003565549532744446	3	0.08297725779293257	0.0840281552823365	0.007797361724842239	3	0.10752557053204548	0.113747101843231	0.03299688030902219	3	0.0615277726991782	0.05813260414785	0.013048673379701085	3	2.9120251714356127	2.7359802650164395	0.3631113093607109	3	0.27866433147976977	0.2811219970428236	0.04508379310945615	3	0.40556220202107734	0.3915235197723323	0.07337561412227611	3	0.7055040352495362	0.6655306633489161	0.10404826374901234	3
GSE166489	adult_healthy	adult_control	control	Monocyte	0.029061132106167665	0.0314493225295606	0.005484341624298021	3	0.08128092277512279	0.0856935403517655	0.008713684152367337	3	0.24817340837167276	0.2265326454199838	0.04770066929433383	3	0.9305110884034428	0.9039175931388655	0.0698415591945828	3	0.17872772297544662	0.1803732829671917	0.005960621543647043	3	1.491531155734304	1.451877296706333	0.15980852129081696	3	0.8629457972928062	0.8479418575159262	0.1235458274619605	3	0.7006064270089957	0.6962408068052608	0.12509490248804134	3	0.8385010697461427	0.7997033595927384	0.0954494484518931	3
GSE166489	adult_healthy	adult_control	control	pDC	0.0337245363711186	0.0407833353901046	0.014948809481784984	3	-0.055813498892890535	-0.0625562996313341	0.018619374120364938	3	-0.0311858125886105	-0.026068081167499	0.03166647077350112	3	-0.15863202974613216	-0.1449618756344167	0.027290148874545724	3	-0.02854245074585517	-0.032324884111231	0.05207732574004704	3	1.4704849533789155	1.5036548332693258	0.1405732439511559	3	-0.2597858264211876	-0.2296949818772427	0.15267646090799059	3	-0.15584407446770568	-0.1261637718589175	0.18907687692594402	3	-0.048815027730073235	-0.0603077976178102	0.10646828324430874	3
GSE166489	pediatric_healthy	control	control	CD16_Monocyte	0.09057302517328591	0.0581001557967961	0.09379299568888456	6	0.06075070943225264	0.054558770953298294	0.07766350662566233	6	0.29722064081441474	0.2368645724449591	0.1951030835787663	6	0.5610871258306825	0.384649839031744	0.5279345520151522	6	0.27832361688915513	0.1793219300567938	0.28803852079267417	6	1.2888503381123846	1.2216529749361145	0.38031593136168007	6	0.987649780413646	0.708339100852232	1.0414207905646353	6	1.0841366128185934	0.8281997709357947	1.091824311483464	6	0.6669542455934087	0.4200112937975272	0.7479163732956687	6
GSE166489	pediatric_healthy	control	control	DC	0.06505564673299402	0.0678678278284829	0.052682936954939266	6	0.1236683634191076	0.12802366225593903	0.058222236613616904	6	0.2974308245671415	0.29453421076783964	0.11533343338242427	6	0.31528197182455586	0.2746623692894363	0.193893178052743	6	0.14855809377593526	0.14026467039826934	0.07793883360585714	6	2.3192021003600205	2.243433904812813	0.5070771963391749	6	0.9108684174243434	0.855412280963994	0.5014691263893831	6	1.1263194572190451	1.0568956081575716	0.5710647152385631	6	0.7252616351310629	0.6945203654210994	0.3514265157462771	6
GSE166489	pediatric_healthy	control	control	Monocyte	0.06622327125739384	0.04195445238373905	0.07541253461365802	6	0.18918987048116268	0.19164842828275205	0.08205104762711142	6	0.47292066050801923	0.4125301780671435	0.16820800044964287	6	1.3372738301970866	1.0843098657377994	0.6098010224186828	6	0.474101731867878	0.33699995988813447	0.38416418302365923	6	1.0869190189192306	1.0439822916419055	0.3653412612246484	6	1.7359113106292254	1.394854890690151	0.9347859561244442	6	1.6253433028491624	1.3861012660269019	0.9409640478964747	6	1.2805746325186886	0.9729663666394719	0.8633888632869449	6
GSE166489	pediatric_healthy	control	control	pDC	0.0001341174135988833	0.00019833111279690002	0.0066682669700949115	6	-0.020249209004817168	-0.023293963148611402	0.02299142642901231	6	0.08787397643708729	0.05871329568425935	0.08722927350708885	6	-0.0005088082682244514	-0.02617263329591145	0.10010574769111834	6	0.0076721563312782	-0.0074886213301362	0.05478304398375309	6	0.9956323564865247	0.9653735084650175	0.5308229327867289	6	-0.10980039793899955	-0.12394814337413045	0.18332898564762934	6	-0.04885575940501543	-0.052626526158816994	0.18934244578369186	6	-0.07658358069334004	-0.1354807307076385	0.17483501944631924	6
GSE167029	KD	disease_control	acute	CD16_Monocyte	0.014363036399025834	0.0066885763064521	0.016886245090678747	3	-0.0032739206294525995	-0.0071319157816314	0.018775903368193552	3	0.0600401164116392	0.06378545559193	0.00704151525209726	3	0.19257408112707708	0.1971362437613864	0.040057797297926516	3	0.0615012151724083	0.0620090608195895	0.002556539389764173	3	0.9335023597758654	0.8699815702102002	0.22869860267647313	3	0.08166770327525884	0.0444355671459615	0.11481000774485701	3	0.11364648053499603	0.0986153916245572	0.13399370765554286	3	0.16700642498131243	0.1513822964098333	0.11386226211089953	3
GSE167029	KD	disease_control	acute	DC	0.0111765157513885	0.0088368647736249	0.012123585034365655	3	0.012304598097880032	0.0061196154149758	0.018542584013819613	3	0.04394884344150513	0.0332052827874827	0.020681314531086462	3	0.09868533868369807	0.1244640811368496	0.06209008770482443	3	0.08798661754546454	0.1107565277886479	0.05435776530198363	3	1.1537869355960084	1.0827906676099586	0.13668311518186824	3	0.015165387767793503	0.0563775625193305	0.12103889281103447	3	0.10208588926767499	0.1358638305989286	0.11056626882159434	3	0.20244068502455892	0.2287005113726228	0.15911628435082203	3
GSE167029	KD	disease_control	acute	Monocyte	0.014627428840657966	0.0048848720230329	0.02176050412728012	3	0.06389494072225048	0.0678499623587188	0.008882161855188494	3	0.1187861972381107	0.1198669741492189	0.01731642633677809	3	0.640214371592892	0.629290822684458	0.02606602023595948	3	0.18227071299889488	0.1771182942589002	0.037365898044254706	3	0.8748168217529546	0.8616191196998966	0.13505145720586142	3	0.5903230688817497	0.562925529212185	0.10052024499071946	3	0.42421458542138213	0.36325093475776	0.13753173426852522	3	0.6735408329419426	0.6461156383828728	0.0829055825380796	3
GSE167029	KD	disease_control	acute	pDC	-0.0051527057868421	-0.00590321127969	0.0058533357853943705	3	-0.016077997328744167	-0.0182187418810697	0.005551895420841805	3	0.0493391900893864	0.0337942547093477	0.044001876195010274	3	0.07930507757772724	0.0898690500961748	0.04311481471195296	3	0.016158924037253566	0.0154727805594413	0.011720254502232292	3	0.3944797741013863	0.3960548989203421	0.35856242489529533	3	-0.1396283977772653	-0.1267452126571255	0.08782066709313281	3	-0.08838915929316928	-0.0798875828255972	0.08187403780176065	3	-0.1756886463264745	-0.2149817067616778	0.1352528399742308	3
GSE167029	MIS-C	mis_c	acute	CD16_Monocyte	0.028694276887294652	0.028694276887294652	0.00093056591982485	2	0.0031601250145228497	0.0031601250145228497	0.04496360648631568	2	0.15318342869688314	0.15318342869688314	0.15226221021405154	2	0.38810361911274427	0.38810361911274427	0.26945493928371667	2	0.09837517150511335	0.09837517150511335	0.11872556135350579	2	1.4897699327104814	1.4897699327104814	0.6968612724869706	2	0.43532582136358566	0.43532582136358566	0.49593397273775697	2	0.4246056884686302	0.4246056884686302	0.43994672354113085	2	0.5721437530061069	0.5721437530061069	0.6234865210789431	2
GSE167029	MIS-C	mis_c	acute	DC	0.0038410975708757502	0.0038410975708757502	0.002030516531140241	2	-0.02558112334115915	-0.02558112334115915	0.021036961615289836	2	-0.00349413103208635	-0.00349413103208635	0.011442860263919056	2	0.0725617605336763	0.0725617605336763	0.002977664663067939	2	-0.0612823015121461	-0.0612823015121461	0.061933614568104436	2	0.690683329151095	0.690683329151095	0.2659435151183029	2	-0.19364948895042816	-0.19364948895042816	0.07144883504670767	2	-0.15487911389675776	-0.15487911389675776	0.09771061669155608	2	-0.1792595310686478	-0.1792595310686478	0.173005067165661	2
GSE167029	MIS-C	mis_c	acute	Monocyte	0.0186180839463752	0.0186180839463752	0.011877708059635258	2	0.07030108269543915	0.07030108269543915	0.06099667385494479	2	0.2049555545158658	0.2049555545158658	0.14465603612843403	2	0.8220553847014149	0.8220553847014149	0.36630224143085877	2	0.18991344391019793	0.18991344391019793	0.1512846015405711	2	1.2396744506540094	1.2396744506540094	0.4224707643497304	2	0.8676953959860098	0.8676953959860098	0.6389742934337833	2	0.6447015486299615	0.6447015486299615	0.5511281756622556	2	0.9614303410965147	0.9614303410965147	0.6494410340018979	2
GSE167029	MIS-C	mis_c	acute	pDC	0.0042798018265748	0.0042798018265748	0.007274637934170136	2	-0.02503559301794455	-0.02503559301794455	0.0018142050496469722	2	-0.0018399572049111	-0.0018399572049111	0.009281885873298092	2	0.049878608247702697	0.049878608247702697	0.04527895658155232	2	0.07442430068694755	0.07442430068694755	0.11139981424863765	2	0.46489539743946423	0.46489539743946423	0.5935522206911867	2	-0.20154002804596388	-0.20154002804596388	0.08603030637250042	2	-0.1467705611123744	-0.1467705611123744	0.07752026936530042	2	-0.09808813639806681	-0.09808813639806681	0.09897202468402169	2
GSE167029	MIS-C_MYO	severe_myo	acute	CD16_Monocyte	0.013119035587081282	0.01453260819665005	0.005043168060300218	6	-0.007404054350682816	0.00674505033047015	0.03218179279039084	6	0.011391482714840917	0.01080489129690805	0.021270101214405087	6	0.1122256816500008	0.1102593551737857	0.05858360090590484	6	0.01238714591673515	0.0095133698338367	0.028386263727480567	6	0.690609251090144	0.6387229857007731	0.30587628824710034	6	-0.05668621118442962	-0.07570716777813641	0.10062439293082351	6	-0.004836686741130497	0.0167733236485061	0.10947667192360166	6	-0.04938121754097147	-0.05441355972566085	0.1566435976020638	6
GSE167029	MIS-C_MYO	severe_myo	acute	DC	0.007883220565835918	0.00368255527830765	0.012283092890932396	6	0.011743377581971215	0.005342457529945051	0.026398377196247637	6	0.0120133284264263	0.00256078349744605	0.027213999939924776	6	0.07071798390462729	0.0715254928187999	0.0765145669082411	6	0.039271700872120285	0.0324884767712811	0.047317724365937015	6	1.0994925124966997	0.9116194613798879	0.7416296988885763	6	-0.06953994759959016	-0.0591626867601841	0.10589380945051659	6	0.012114535689563832	0.02343856670620335	0.10588719138329084	6	0.0959968534687138	0.06754653517126136	0.19676507269687876	6
GSE167029	MIS-C_MYO	severe_myo	acute	Monocyte	0.0102466109139678	0.011517168733815551	0.006583511276064909	6	0.09389747770177996	0.06751670288885141	0.08136271162786464	6	0.09752292005629172	0.08751370451344515	0.05526082113257476	6	0.6556229109006602	0.6946038197135924	0.16076721297101637	6	0.17924678319515733	0.15298858759657596	0.10437340595793064	6	0.5904954319355258	0.4849290362515135	0.20426168876650996	6	0.6074770125832639	0.5908486263868282	0.2812800049417122	6	0.43443174968800485	0.373313426781537	0.3443781487244446	6	0.5821041372078769	0.5679984505574361	0.2851634172855068	6
GSE167029	MIS-C_MYO	severe_myo	acute	pDC	-0.0019329586869065833	-0.00289658676619515	0.00585185405113207	6	-0.028133210091348417	-0.026764983613045253	0.015055600038162533	6	0.00601387916388645	-0.00434826322444495	0.03184845914334579	6	0.004879556845625567	0.0049482131915712	0.031738522199447165	6	0.0010691891602448496	9.355439954395004e-05	0.023274341569516632	6	0.5115969296900668	0.35864620767141164	0.46213968444377107	6	-0.2584748959767513	-0.2889762566875433	0.06335654234959531	6	-0.18572679372617829	-0.21498802468914624	0.06307990499833536	6	-0.2155174481037162	-0.2745455718219893	0.1764899592614917	6
GSE167029	acute_infection	non_mis_c	acute	CD16_Monocyte	0.02005574006226368	0.0132905072363642	0.016660959347227784	5	0.00996796777741318	0.0011774716919889	0.030403631489726485	5	0.14276316253937343	0.1502771185526104	0.0563184614751342	5	0.37086782556783376	0.3709464342226661	0.13933154156798042	5	0.18537583071558583	0.1677910285832611	0.05371839665564879	5	1.204660229836027	1.244936559344298	0.2523855847606185	5	0.3756678843119029	0.4113204824130992	0.22185265803172996	5	0.3592172246388891	0.4066894622099715	0.1884105325691696	5	0.5725561888518139	0.6518140069142538	0.20374481711284864	5
GSE167029	acute_infection	non_mis_c	acute	DC	0.0123002231105419	0.0097303744794531	0.00987108478551586	5	0.00679391476996154	0.0144778663240346	0.017331691963817734	5	0.052274770091647604	0.0480953472608714	0.024583542888439162	5	0.16941137110209778	0.1459845794381032	0.06102805956571491	5	0.15471322934034118	0.1499831707668625	0.03197190297380798	5	1.5920644367065644	1.6688918029114148	0.4802163485983998	5	0.06573908962359835	0.075342085924879	0.14355253633050036	5	0.11143145286281968	0.1248719407826857	0.15439352229929243	5	0.5029804057520524	0.5665736101562531	0.19673551167437603	5
GSE167029	acute_infection	non_mis_c	acute	Monocyte	0.0177920468190585	0.0124853555616459	0.010248444772070164	5	0.06315667985073002	0.0676146641086202	0.03170565517639483	5	0.19462144314390875	0.2045252583503396	0.07168660983623741	5	0.9017169839555945	0.9283239778631236	0.16232420425500646	5	0.40896753486867243	0.4442873067874466	0.1010209530107249	5	0.9866997601629788	0.9615273892096644	0.17093870657739005	5	0.8814219936718027	0.944751144457818	0.2893878484253336	5	0.5975790170772214	0.6546357228708339	0.2841387141029968	5	1.2271998296410733	1.2545253361633386	0.28243539220410757	5
GSE167029	acute_infection	non_mis_c	acute	pDC	-0.0050632956595858	-0.0054154069458843	0.003231879312463594	5	-0.03407938858696654	-0.02793749172075	0.01584976337826	5	0.045674754136852465	0.0330229982933351	0.02129013773296838	5	-0.001530337136268481	0.0036050843080665	0.03634516879612429	5	-0.039564521902876335	-0.0146289709319029	0.04872601011299284	5	0.07772631456995191	0.0594156221633167	0.24735924565847286	5	-0.2327882801423314	-0.2232129160165163	0.08908353748303502	5	-0.14621364011378807	-0.1376641187034392	0.09078102191374177	5	-0.42721110955151287	-0.4330086219792534	0.16774455902771407	5
GSE167029	control	control	control	CD16_Monocyte	0.030414841206384692	0.0386732720702099	0.015206328945041507	11	-0.018624226920250866	-0.0294604171904823	0.02001848605095223	11	0.04737563765179608	0.0258873262584648	0.06186206723368262	11	0.19839616288014678	0.1737668485150077	0.10558653361217271	11	-0.006863550878132854	-0.0130888119340953	0.08412704978194085	11	1.061783362153815	1.146561137381366	0.2664991660556047	11	0.12245817194073322	0.0554603149107546	0.1515221993662105	11	0.1632521993709216	0.116952420800879	0.12445424158934516	11	0.1266289988314167	0.1129536726844798	0.2081612655703558	11
GSE167029	control	control	control	DC	0.0269632768817453	0.0318978915302462	0.016317916479523947	11	0.011443853739036624	0.0089016136415533	0.04299789603577902	11	0.027234203539704092	0.0019234222668107	0.09135476467104604	11	0.09125984578602166	0.0892509891558051	0.11794754090189238	11	0.021765748820217815	0.0279586411926909	0.07901438270991702	11	2.0510480595257756	1.986269266392136	0.408593340331901	11	0.0711058612779662	0.0285818924009178	0.2335708243320438	11	0.18277161319887708	0.1776853821730997	0.23299638391321428	11	0.42473789223852204	0.4359817313226033	0.1595654968578713	11
GSE167029	control	control	control	Monocyte	0.021775248608565227	0.0169584418245389	0.013753142078430279	11	0.0869803910262183	0.0791588934112418	0.058686835083007156	11	0.14178572277212012	0.1155971831338834	0.08566049608058396	11	0.734051366282999	0.6821999454270793	0.1488307586132241	11	0.1398073195706264	0.1176483410464013	0.11660958976150826	11	1.0379169876264134	1.0717230176987729	0.26484453393537727	11	0.7715111456039224	0.7325385890373874	0.2841942941223674	11	0.5887320244890297	0.5992942935023396	0.29625734810589716	11	0.7519265619741534	0.6406470017320465	0.2481010850747476	11
GSE167029	control	control	control	pDC	0.017990209812515836	0.0157628615436838	0.01771860376385501	11	-0.047475205947718944	-0.0580771061246798	0.025258462581095167	11	-0.011371711607166773	-0.0501618607885019	0.09250546810167068	11	-0.05394174859588218	-0.0983312431636809	0.12797671679837958	11	-0.051936416199238326	-0.0434377357651284	0.06415700677188903	11	0.9630052822678267	1.1012301078142757	0.39052342718686367	11	-0.25165295674357663	-0.1916268969328637	0.18806489762871623	11	-0.12832197747310944	-0.085798645436224	0.15157076102512326	11	-0.17493529891564638	-0.1969805085320769	0.14788408263258762	11
