SNP	beta	se	pval	effect_allele	other_allele	eaf	chr_name	chrom_start	F_stat	id.exposure	exposure	gcst
rs35853021	0.209211	0.0156847	1.38224e-40	T	G	0.349697	15	58388444	177.916652158387	ebi-met1400-GCST90199772	1-stearoyl-GPE (18:0) levels	GCST90199772
rs261291	0.210212	0.0157987	2.14508e-40	C	T	0.344009	15	58387979	177.040367982369	ebi-met1400-GCST90199772	1-stearoyl-GPE (18:0) levels	GCST90199772
rs7350789	0.209587	0.0158344	5.42506e-40	A	G	0.342125	15	58387469	175.196513501112	ebi-met1400-GCST90199772	1-stearoyl-GPE (18:0) levels	GCST90199772
rs7177289	0.209567	0.0158362	5.62656e-40	T	C	0.342503	15	58387985	175.123261493294	ebi-met1400-GCST90199772	1-stearoyl-GPE (18:0) levels	GCST90199772
rs796677417	0.210772	0.0160091	1.38261e-39	G	GA	0.340591	15	58381250	173.337288326478	ebi-met1400-GCST90199772	1-stearoyl-GPE (18:0) levels	GCST90199772
rs261290	-0.211447	0.0161246	2.76391e-39	C	T	0.656951	15	58386521	171.959096895952	ebi-met1400-GCST90199772	1-stearoyl-GPE (18:0) levels	GCST90199772
rs2043082	0.208444	0.0159339	4.18434e-39	A	G	0.343488	15	58382109	171.133338500399	ebi-met1400-GCST90199772	1-stearoyl-GPE (18:0) levels	GCST90199772
rs1532085	-0.196265	0.0154883	8.47655e-37	G	A	0.623319	15	58391167	160.57510440892	ebi-met1400-GCST90199772	1-stearoyl-GPE (18:0) levels	GCST90199772
rs10468017	0.204676	0.0165228	3.05476e-35	T	C	0.288889	15	58386313	153.449878853135	ebi-met1400-GCST90199772	1-stearoyl-GPE (18:0) levels	GCST90199772
rs174418	-0.193025	0.0156057	3.85043e-35	C	T	0.594072	15	58395404	152.989143922697	ebi-met1400-GCST90199772	1-stearoyl-GPE (18:0) levels	GCST90199772
rs62001736	0.2035	0.0165152	6.89939e-35	A	G	0.294714	15	58381852	151.831244696307	ebi-met1400-GCST90199772	1-stearoyl-GPE (18:0) levels	GCST90199772
rs2043085	-0.190113	0.0154462	8.19423e-35	C	T	0.621063	15	58388755	151.488729226081	ebi-met1400-GCST90199772	1-stearoyl-GPE (18:0) levels	GCST90199772
rs4775041	0.202857	0.0164903	8.87897e-35	C	G	0.295597	15	58382496	151.32925143734	ebi-met1400-GCST90199772	1-stearoyl-GPE (18:0) levels	GCST90199772
rs2414577	0.189245	0.0155501	4.4884e-34	C	T	0.376311	15	58388439	148.10934296983	ebi-met1400-GCST90199772	1-stearoyl-GPE (18:0) levels	GCST90199772
rs2414578	0.189245	0.0155501	4.4884e-34	C	T	0.376311	15	58388440	148.10934296983	ebi-met1400-GCST90199772	1-stearoyl-GPE (18:0) levels	GCST90199772
rs11858759	0.19965	0.0164747	8.42079e-34	A	G	0.295677	15	58384622	146.860025460508	ebi-met1400-GCST90199772	1-stearoyl-GPE (18:0) levels	GCST90199772
rs80123226	0.198882	0.0164561	1.25834e-33	T	A	0.296178	15	58383833	146.061959200091	ebi-met1400-GCST90199772	1-stearoyl-GPE (18:0) levels	GCST90199772
rs1601935	-0.189398	0.0164559	1.18266e-30	T	G	0.650226	15	58379566	132.466938167453	ebi-met1400-GCST90199772	1-stearoyl-GPE (18:0) levels	GCST90199772
rs1077835	0.201857	0.0183638	4.17096e-28	G	A	0.216444	15	58431227	120.82659045292	ebi-met1400-GCST90199772	1-stearoyl-GPE (18:0) levels	GCST90199772
rs2070895	0.201853	0.0184007	5.33421e-28	A	G	0.215194	15	58431740	120.337705726415	ebi-met1400-GCST90199772	1-stearoyl-GPE (18:0) levels	GCST90199772
rs1077834	0.201759	0.0183929	5.36115e-28	C	T	0.215552	15	58431280	120.327644205344	ebi-met1400-GCST90199772	1-stearoyl-GPE (18:0) levels	GCST90199772
rs397923	-0.163996	0.0152743	6.83996e-27	T	A	0.573285	15	58399919	115.277321833131	ebi-met1400-GCST90199772	1-stearoyl-GPE (18:0) levels	GCST90199772
rs1800588	0.196667	0.0183731	9.74175e-27	T	C	0.213965	15	58431476	114.57717455235	ebi-met1400-GCST90199772	1-stearoyl-GPE (18:0) levels	GCST90199772
rs11855284	0.2013	0.0189766	2.74176e-26	C	T	0.192843	15	58396988	112.525446017078	ebi-met1400-GCST90199772	1-stearoyl-GPE (18:0) levels	GCST90199772
rs261332	-0.199508	0.0188669	3.9125e-26	G	A	0.79533	15	58435126	111.820012081388	ebi-met1400-GCST90199772	1-stearoyl-GPE (18:0) levels	GCST90199772
rs11858481	0.193012	0.0182909	4.9538e-26	T	C	0.216328	15	58396998	111.352115197286	ebi-met1400-GCST90199772	1-stearoyl-GPE (18:0) levels	GCST90199772
rs77692382	0.183751	0.017437	5.77053e-26	T	C	0.249206	1	39941043	111.049315878456	ebi-met1400-GCST90199772	1-stearoyl-GPE (18:0) levels	GCST90199772
rs12906722	0.193073	0.0183347	6.25256e-26	T	C	0.214956	15	58400516	110.890788876411	ebi-met1400-GCST90199772	1-stearoyl-GPE (18:0) levels	GCST90199772
rs2043084	0.192625	0.0183234	7.56399e-26	C	G	0.214739	15	58390297	110.512951715968	ebi-met1400-GCST90199772	1-stearoyl-GPE (18:0) levels	GCST90199772
rs16940204	0.192939	0.0183864	9.24427e-26	T	C	0.211353	15	58400737	110.11503936976	ebi-met1400-GCST90199772	1-stearoyl-GPE (18:0) levels	GCST90199772
rs11853674	0.191165	0.0182465	1.1044e-25	G	A	0.218183	15	58391858	109.763417247368	ebi-met1400-GCST90199772	1-stearoyl-GPE (18:0) levels	GCST90199772
rs1492701	0.181612	0.0173505	1.22075e-25	G	C	0.252718	1	39956146	109.563297073823	ebi-met1400-GCST90199772	1-stearoyl-GPE (18:0) levels	GCST90199772
rs7515857	0.181403	0.0173454	1.34293e-25	T	G	0.251949	1	39952958	109.37556037027	ebi-met1400-GCST90199772	1-stearoyl-GPE (18:0) levels	GCST90199772
rs12905732	0.198751	0.0190515	1.7654e-25	C	G	0.192551	15	58391343	108.832923318407	ebi-met1400-GCST90199772	1-stearoyl-GPE (18:0) levels	GCST90199772
rs261334	-0.194318	0.0186379	1.8874e-25	C	G	0.789893	15	58434545	108.70064205138	ebi-met1400-GCST90199772	1-stearoyl-GPE (18:0) levels	GCST90199772
rs61781294	0.180504	0.0173338	2.15337e-25	C	T	0.252192	1	39948651	108.439148369622	ebi-met1400-GCST90199772	1-stearoyl-GPE (18:0) levels	GCST90199772
rs61781296	0.180811	0.0173747	2.31359e-25	T	C	0.25177	1	39954060	108.296661096863	ebi-met1400-GCST90199772	1-stearoyl-GPE (18:0) levels	GCST90199772
rs7171102	0.189459	0.0182214	2.54184e-25	A	G	0.219013	15	58395331	108.110281324945	ebi-met1400-GCST90199772	1-stearoyl-GPE (18:0) levels	GCST90199772
rs588136	-0.193734	0.0186774	3.30117e-25	T	C	0.789643	15	58438299	107.591720175052	ebi-met1400-GCST90199772	1-stearoyl-GPE (18:0) levels	GCST90199772
rs35980001	0.196763	0.0190003	3.93821e-25	GC	G	0.201019	15	58430391	107.242259273109	ebi-met1400-GCST90199772	1-stearoyl-GPE (18:0) levels	GCST90199772
rs35128881	0.195327	0.0188669	4.05939e-25	T	G	0.197496	15	58399949	107.18239682583	ebi-met1400-GCST90199772	1-stearoyl-GPE (18:0) levels	GCST90199772
rs487766	-0.18881	0.0182403	4.13207e-25	T	C	0.780025	15	58401661	107.148483960654	ebi-met1400-GCST90199772	1-stearoyl-GPE (18:0) levels	GCST90199772
rs61781291	0.179606	0.0173525	4.16612e-25	A	T	0.253108	1	39936166	107.13159614468	ebi-met1400-GCST90199772	1-stearoyl-GPE (18:0) levels	GCST90199772
rs112152999	0.179825	0.0174	4.90746e-25	C	G	0.250183	1	39946506	106.807473328709	ebi-met1400-GCST90199772	1-stearoyl-GPE (18:0) levels	GCST90199772
rs779573444	0.179493	0.0173729	5.06168e-25	A	ATTTTTTTCTGTTTT	0.252226	1	39931144	106.745700850336	ebi-met1400-GCST90199772	1-stearoyl-GPE (18:0) levels	GCST90199772
rs6680258	0.178796	0.0173767	7.86644e-25	T	G	0.252408	1	39933816	105.871969106212	ebi-met1400-GCST90199772	1-stearoyl-GPE (18:0) levels	GCST90199772
rs4381172	0.178621	0.0173684	8.29694e-25	T	C	0.252528	1	39934725	105.765836313727	ebi-met1400-GCST90199772	1-stearoyl-GPE (18:0) levels	GCST90199772
rs77320796	0.177437	0.0173119	1.19059e-24	G	A	0.253246	1	39929523	105.050688370284	ebi-met1400-GCST90199772	1-stearoyl-GPE (18:0) levels	GCST90199772
rs8033940	0.174118	0.0170008	1.28889e-24	A	G	0.281168	15	58432643	104.893511257308	ebi-met1400-GCST90199772	1-stearoyl-GPE (18:0) levels	GCST90199772
rs61781289	0.177407	0.0173266	1.32613e-24	T	C	0.252853	1	39925583	104.837053159973	ebi-met1400-GCST90199772	1-stearoyl-GPE (18:0) levels	GCST90199772
rs723967	-0.156374	0.0152806	1.40414e-24	C	T	0.50473	15	58404101	104.724495327846	ebi-met1400-GCST90199772	1-stearoyl-GPE (18:0) levels	GCST90199772
rs2047007	0.177075	0.017336	1.71124e-24	T	C	0.254521	1	39962303	104.331800994577	ebi-met1400-GCST90199772	1-stearoyl-GPE (18:0) levels	GCST90199772
rs12440032	0.194992	0.0191334	2.17153e-24	G	C	0.190935	15	58405635	103.860231379807	ebi-met1400-GCST90199772	1-stearoyl-GPE (18:0) levels	GCST90199772
rs12440217	0.194709	0.019126	2.42786e-24	A	G	0.190337	15	58406158	103.639127872445	ebi-met1400-GCST90199772	1-stearoyl-GPE (18:0) levels	GCST90199772
rs11856159	0.194191	0.0191018	2.80915e-24	T	C	0.190922	15	58406811	103.349792534229	ebi-met1400-GCST90199772	1-stearoyl-GPE (18:0) levels	GCST90199772
rs7542907	0.17551	0.0172899	3.27852e-24	T	C	0.253764	1	39926080	103.043065315186	ebi-met1400-GCST90199772	1-stearoyl-GPE (18:0) levels	GCST90199772
rs261342	-0.187005	0.0184314	3.45216e-24	C	G	0.783362	15	58438954	102.941333174779	ebi-met1400-GCST90199772	1-stearoyl-GPE (18:0) levels	GCST90199772
rs7529794	0.175024	0.0173096	4.91878e-24	T	G	0.255516	1	39937698	102.240071807623	ebi-met1400-GCST90199772	1-stearoyl-GPE (18:0) levels	GCST90199772
rs150364420	0.193358	0.0191427	5.47495e-24	G	A	0.190447	15	58409732	102.027654804254	ebi-met1400-GCST90199772	1-stearoyl-GPE (18:0) levels	GCST90199772
rs17240876	0.192299	0.0191227	8.63897e-24	G	A	0.190789	15	58409352	101.124323201192	ebi-met1400-GCST90199772	1-stearoyl-GPE (18:0) levels	GCST90199772
rs633695	0.16951	0.0169379	1.409e-23	G	A	0.284666	15	58433640	100.15474251068	ebi-met1400-GCST90199772	1-stearoyl-GPE (18:0) levels	GCST90199772
rs12438999	-0.15172	0.0151883	1.69857e-23	G	A	0.530303	15	58410126	99.7854762749638	ebi-met1400-GCST90199772	1-stearoyl-GPE (18:0) levels	GCST90199772
rs61781290	0.170671	0.0171607	2.6406e-23	G	A	0.25833	1	39927488	98.9121103721232	ebi-met1400-GCST90199772	1-stearoyl-GPE (18:0) levels	GCST90199772
rs11207138	0.169106	0.0172043	8.42437e-23	C	G	0.257556	1	39926485	96.6148802612988	ebi-met1400-GCST90199772	1-stearoyl-GPE (18:0) levels	GCST90199772
rs13329672	0.169165	0.0172196	8.87324e-23	T	C	0.260164	15	58407738	96.5105761851338	ebi-met1400-GCST90199772	1-stearoyl-GPE (18:0) levels	GCST90199772
rs8034802	0.16781	0.0171184	1.09441e-22	A	T	0.272625	15	58432593	96.0968903740031	ebi-met1400-GCST90199772	1-stearoyl-GPE (18:0) levels	GCST90199772
rs4068540	0.16853	0.0172459	1.48235e-22	G	A	0.257899	1	39933269	95.4954576843884	ebi-met1400-GCST90199772	1-stearoyl-GPE (18:0) levels	GCST90199772
rs4068541	0.168033	0.0172261	1.76382e-22	T	C	0.258259	1	39933170	95.1514113296339	ebi-met1400-GCST90199772	1-stearoyl-GPE (18:0) levels	GCST90199772
rs7554235	0.167841	0.0172264	1.97153e-22	T	C	0.25832	1	39933056	94.930782782416	ebi-met1400-GCST90199772	1-stearoyl-GPE (18:0) levels	GCST90199772
rs2745513	0.169984	0.0174464	1.97222e-22	A	G	0.252368	1	39922933	94.9302092994339	ebi-met1400-GCST90199772	1-stearoyl-GPE (18:0) levels	GCST90199772
rs17821322	0.185844	0.0190932	2.16994e-22	C	T	0.192834	15	58410901	94.7413666636434	ebi-met1400-GCST90199772	1-stearoyl-GPE (18:0) levels	GCST90199772
rs4775044	-0.150234	0.0154517	2.41068e-22	G	T	0.517235	15	58392768	94.5331056807445	ebi-met1400-GCST90199772	1-stearoyl-GPE (18:0) levels	GCST90199772
rs2639458	0.169763	0.0174612	2.42278e-22	C	T	0.252433	1	39921664	94.5230897175387	ebi-met1400-GCST90199772	1-stearoyl-GPE (18:0) levels	GCST90199772
rs2745514	0.169152	0.0174245	2.79663e-22	T	G	0.252855	1	39923154	94.2396413609161	ebi-met1400-GCST90199772	1-stearoyl-GPE (18:0) levels	GCST90199772
rs3103780	0.166679	0.017184	3.02542e-22	G	A	0.258713	1	39929497	94.0834521623391	ebi-met1400-GCST90199772	1-stearoyl-GPE (18:0) levels	GCST90199772
rs261341	-0.16005	0.0166379	6.6095e-22	G	A	0.706828	15	58439368	92.5367702568553	ebi-met1400-GCST90199772	1-stearoyl-GPE (18:0) levels	GCST90199772
rs493258	-0.148736	0.015475	7.15798e-22	C	T	0.516931	15	58395681	92.3784944542895	ebi-met1400-GCST90199772	1-stearoyl-GPE (18:0) levels	GCST90199772
rs920915	0.146598	0.0152715	8.03445e-22	G	C	0.505517	15	58396268	92.149439453909	ebi-met1400-GCST90199772	1-stearoyl-GPE (18:0) levels	GCST90199772
rs920916	0.145641	0.0152827	1.5759e-21	A	G	0.502544	15	58396278	90.8169951783032	ebi-met1400-GCST90199772	1-stearoyl-GPE (18:0) levels	GCST90199772
rs686958	-0.180636	0.0194079	1.31071e-20	A	T	0.81715	15	58449685	86.6266507828482	ebi-met1400-GCST90199772	1-stearoyl-GPE (18:0) levels	GCST90199772
rs567746	-0.180414	0.0194119	1.48632e-20	G	A	0.81731	15	58449692	86.3782458292919	ebi-met1400-GCST90199772	1-stearoyl-GPE (18:0) levels	GCST90199772
rs55993842	0.178373	0.0192369	1.82e-20	T	G	0.190229	15	58411865	85.9781425548686	ebi-met1400-GCST90199772	1-stearoyl-GPE (18:0) levels	GCST90199772
rs5812935	-0.140095	0.0152436	3.91186e-20	AC	A	0.55319	15	58413459	84.4637157008159	ebi-met1400-GCST90199772	1-stearoyl-GPE (18:0) levels	GCST90199772
rs6661291	0.165568	0.0181333	6.81178e-20	G	A	0.222534	1	39908481	83.3679480220186	ebi-met1400-GCST90199772	1-stearoyl-GPE (18:0) levels	GCST90199772
rs56346001	0.165399	0.0181293	7.28704e-20	C	T	0.222555	1	39909062	83.2345599237931	ebi-met1400-GCST90199772	1-stearoyl-GPE (18:0) levels	GCST90199772
rs72666970	0.165242	0.0181705	9.54842e-20	G	A	0.222046	1	39911171	82.7003084932877	ebi-met1400-GCST90199772	1-stearoyl-GPE (18:0) levels	GCST90199772
rs17821310	0.168872	0.0185808	1.00391e-19	C	T	0.207107	15	58410665	82.601222775003	ebi-met1400-GCST90199772	1-stearoyl-GPE (18:0) levels	GCST90199772
rs61781281	0.165153	0.0181778	1.03323e-19	T	C	0.221923	1	39913906	82.5449088803742	ebi-met1400-GCST90199772	1-stearoyl-GPE (18:0) levels	GCST90199772
rs61781278	0.165031	0.0181783	1.10145e-19	A	G	0.221862	1	39911069	82.4184665176345	ebi-met1400-GCST90199772	1-stearoyl-GPE (18:0) levels	GCST90199772
rs443401	-0.13928	0.0153419	1.10148e-19	G	C	0.465595	15	58399896	82.4174590377805	ebi-met1400-GCST90199772	1-stearoyl-GPE (18:0) levels	GCST90199772
rs11854624	0.173642	0.0191293	1.11296e-19	G	C	0.193154	15	58420618	82.3970005213549	ebi-met1400-GCST90199772	1-stearoyl-GPE (18:0) levels	GCST90199772
rs261338	-0.186379	0.0205573	1.23096e-19	G	A	0.836913	15	58442806	82.1981052992346	ebi-met1400-GCST90199772	1-stearoyl-GPE (18:0) levels	GCST90199772
rs12908474	-0.143814	0.0159278	1.73065e-19	T	C	0.495053	15	58379935	81.5249880928547	ebi-met1400-GCST90199772	1-stearoyl-GPE (18:0) levels	GCST90199772
rs62000864	-0.13811	0.0153025	1.79187e-19	G	T	0.499439	15	58406044	81.4564491116244	ebi-met1400-GCST90199772	1-stearoyl-GPE (18:0) levels	GCST90199772
rs28442086	-0.139063	0.0154158	1.86763e-19	A	G	0.434365	15	58412837	81.3750097815082	ebi-met1400-GCST90199772	1-stearoyl-GPE (18:0) levels	GCST90199772
rs61781276	0.163316	0.0181346	2.14165e-19	T	C	0.222453	1	39903967	81.1038568995538	ebi-met1400-GCST90199772	1-stearoyl-GPE (18:0) levels	GCST90199772
rs534933	-0.18428	0.0205337	2.84685e-19	C	A	0.836682	15	58443023	80.5419206604867	ebi-met1400-GCST90199772	1-stearoyl-GPE (18:0) levels	GCST90199772
rs17240869	0.166513	0.0185548	2.85701e-19	C	T	0.205601	15	58408112	80.5348280564578	ebi-met1400-GCST90199772	1-stearoyl-GPE (18:0) levels	GCST90199772
rs112516541	-0.13802	0.0154001	3.18084e-19	C	A	0.444815	15	58415110	80.3224532216261	ebi-met1400-GCST90199772	1-stearoyl-GPE (18:0) levels	GCST90199772
rs485671	-0.180727	0.0201904	3.517e-19	C	A	0.832374	15	58448935	80.1228212427006	ebi-met1400-GCST90199772	1-stearoyl-GPE (18:0) levels	GCST90199772
rs3117086	0.161896	0.0181365	4.39546e-19	C	T	0.222392	1	39896789	79.6829266732018	ebi-met1400-GCST90199772	1-stearoyl-GPE (18:0) levels	GCST90199772
rs58018613	0.160804	0.0180154	4.41983e-19	CAA	C	0.221702	1	39838886	79.6720288524255	ebi-met1400-GCST90199772	1-stearoyl-GPE (18:0) levels	GCST90199772
rs261336	-0.180071	0.0201761	4.45798e-19	A	G	0.83519	15	58450219	79.6550123394149	ebi-met1400-GCST90199772	1-stearoyl-GPE (18:0) levels	GCST90199772
rs473224	-0.193755	0.0217217	4.66813e-19	G	T	0.855713	15	58445142	79.5642942045352	ebi-met1400-GCST90199772	1-stearoyl-GPE (18:0) levels	GCST90199772
rs7516590	0.159904	0.0179877	6.13142e-19	G	A	0.223257	1	39878503	79.0255239575212	ebi-met1400-GCST90199772	1-stearoyl-GPE (18:0) levels	GCST90199772
rs415799	-0.136651	0.0153722	6.13878e-19	A	G	0.46383	15	58398555	79.0230114360255	ebi-met1400-GCST90199772	1-stearoyl-GPE (18:0) levels	GCST90199772
rs746017601	0.159708	0.017966	6.14027e-19	A	AGCCTCAACCTCCCAGGGCTC	0.223112	1	39854921	79.0224611310473	ebi-met1400-GCST90199772	1-stearoyl-GPE (18:0) levels	GCST90199772
rs7532169	0.158928	0.0179666	9.09389e-19	T	C	0.222876	1	39867630	78.2472419079535	ebi-met1400-GCST90199772	1-stearoyl-GPE (18:0) levels	GCST90199772
rs61779837	0.158997	0.0179823	9.41741e-19	C	T	0.222863	1	39855510	78.1785088342103	ebi-met1400-GCST90199772	1-stearoyl-GPE (18:0) levels	GCST90199772
rs61779839	0.158997	0.0179823	9.41741e-19	C	T	0.222863	1	39858439	78.1785088342103	ebi-met1400-GCST90199772	1-stearoyl-GPE (18:0) levels	GCST90199772
rs61779843	0.158997	0.0179823	9.41741e-19	T	C	0.222863	1	39860434	78.1785088342103	ebi-met1400-GCST90199772	1-stearoyl-GPE (18:0) levels	GCST90199772
rs7542060	0.159056	0.0179934	9.59844e-19	T	C	0.222966	1	39870996	78.1400426121741	ebi-met1400-GCST90199772	1-stearoyl-GPE (18:0) levels	GCST90199772
rs2050172	0.158108	0.0178866	9.61894e-19	C	T	0.22428	1	39835420	78.1361665231248	ebi-met1400-GCST90199772	1-stearoyl-GPE (18:0) levels	GCST90199772
rs7516259	0.158657	0.0179491	9.63375e-19	C	G	0.22355	1	39864710	78.1327520889269	ebi-met1400-GCST90199772	1-stearoyl-GPE (18:0) levels	GCST90199772
rs61779835	0.15863	0.0179478	9.70846e-19	G	T	0.223496	1	39854640	78.117476556544	ebi-met1400-GCST90199772	1-stearoyl-GPE (18:0) levels	GCST90199772
rs61779841	0.15863	0.0179478	9.70846e-19	A	G	0.223496	1	39858994	78.117476556544	ebi-met1400-GCST90199772	1-stearoyl-GPE (18:0) levels	GCST90199772
rs17504495	0.158003	0.0178792	9.81188e-19	C	T	0.224374	1	39833523	78.0970269068324	ebi-met1400-GCST90199772	1-stearoyl-GPE (18:0) levels	GCST90199772
rs1333741	0.158025	0.017882	9.82326e-19	C	T	0.224274	1	39838414	78.0943144679794	ebi-met1400-GCST90199772	1-stearoyl-GPE (18:0) levels	GCST90199772
rs488490	-0.191116	0.0216289	9.90519e-19	A	C	0.854869	15	58445462	78.0773795400029	ebi-met1400-GCST90199772	1-stearoyl-GPE (18:0) levels	GCST90199772
rs17570439	0.158548	0.0179495	1.01909e-18	C	T	0.223489	1	39858538	78.021954449692	ebi-met1400-GCST90199772	1-stearoyl-GPE (18:0) levels	GCST90199772
rs573922	-0.178872	0.0202752	1.12232e-18	T	C	0.83278	15	58447895	77.8313264592839	ebi-met1400-GCST90199772	1-stearoyl-GPE (18:0) levels	GCST90199772
rs55696635	0.173049	0.0196239	1.16269e-18	A	G	0.181039	15	58417551	77.7620218126813	ebi-met1400-GCST90199772	1-stearoyl-GPE (18:0) levels	GCST90199772
rs3134617	0.159695	0.0181152	1.19118e-18	C	A	0.223274	1	39896171	77.7134825050012	ebi-met1400-GCST90199772	1-stearoyl-GPE (18:0) levels	GCST90199772
rs1333742	0.158495	0.0179808	1.20011e-18	C	T	0.222424	1	39848177	77.6985853221239	ebi-met1400-GCST90199772	1-stearoyl-GPE (18:0) levels	GCST90199772
rs61781271	0.158749	0.0180116	1.21055e-18	C	G	0.222736	1	39884558	77.6814653341312	ebi-met1400-GCST90199772	1-stearoyl-GPE (18:0) levels	GCST90199772
rs61781267	0.158667	0.018003	1.21425e-18	A	G	0.223013	1	39880101	77.6753927392149	ebi-met1400-GCST90199772	1-stearoyl-GPE (18:0) levels	GCST90199772
rs61781270	0.158653	0.0180104	1.26293e-18	A	G	0.222831	1	39883756	77.5978807699165	ebi-met1400-GCST90199772	1-stearoyl-GPE (18:0) levels	GCST90199772
rs60315394	0.172702	0.0196105	1.29009e-18	T	C	0.181118	15	58416982	77.5563568745369	ebi-met1400-GCST90199772	1-stearoyl-GPE (18:0) levels	GCST90199772
rs61779849	0.158676	0.0180194	1.29874e-18	A	G	0.222493	1	39869314	77.5428637528482	ebi-met1400-GCST90199772	1-stearoyl-GPE (18:0) levels	GCST90199772
rs1043843	0.157783	0.0179236	1.33093e-18	T	C	0.223522	1	39841193	77.494330756182	ebi-met1400-GCST90199772	1-stearoyl-GPE (18:0) levels	GCST90199772
rs7553649	0.158048	0.0179669	1.41009e-18	T	G	0.222849	1	39867381	77.3805313774859	ebi-met1400-GCST90199772	1-stearoyl-GPE (18:0) levels	GCST90199772
rs7527412	0.158484	0.0180196	1.42931e-18	A	G	0.222642	1	39878996	77.3536044337989	ebi-met1400-GCST90199772	1-stearoyl-GPE (18:0) levels	GCST90199772
rs61779834	0.157796	0.01795	1.48456e-18	T	C	0.223402	1	39853703	77.2792812470418	ebi-met1400-GCST90199772	1-stearoyl-GPE (18:0) levels	GCST90199772
rs6600304	0.158391	0.0180187	1.491e-18	T	C	0.222526	1	39870931	77.2705657881706	ebi-met1400-GCST90199772	1-stearoyl-GPE (18:0) levels	GCST90199772
rs56342108	0.158391	0.0180187	1.491e-18	T	A	0.222526	1	39871908	77.2705657881706	ebi-met1400-GCST90199772	1-stearoyl-GPE (18:0) levels	GCST90199772
rs61779845	0.158137	0.0179923	1.50714e-18	A	G	0.222404	1	39863610	77.2491347192685	ebi-met1400-GCST90199772	1-stearoyl-GPE (18:0) levels	GCST90199772
rs61781272	0.158329	0.0180316	1.62512e-18	G	A	0.2225	1	39887780	77.0996502784459	ebi-met1400-GCST90199772	1-stearoyl-GPE (18:0) levels	GCST90199772
rs61779842	0.157956	0.0179998	1.70248e-18	T	G	0.22237	1	39859112	77.0081863946349	ebi-met1400-GCST90199772	1-stearoyl-GPE (18:0) levels	GCST90199772
rs485538	-0.175779	0.0200466	1.80993e-18	T	C	0.829352	15	58448978	76.8869315898285	ebi-met1400-GCST90199772	1-stearoyl-GPE (18:0) levels	GCST90199772
rs61779833	0.157295	0.0179428	1.84371e-18	G	A	0.222989	1	39846760	76.8509787541488	ebi-met1400-GCST90199772	1-stearoyl-GPE (18:0) levels	GCST90199772
rs6684490	0.158186	0.0180775	2.12562e-18	G	A	0.221998	1	39890483	76.5701236166805	ebi-met1400-GCST90199772	1-stearoyl-GPE (18:0) levels	GCST90199772
rs774861337	0.157969	0.018054	2.13724e-18	C	CCT	0.223628	1	39890594	76.559107437605	ebi-met1400-GCST90199772	1-stearoyl-GPE (18:0) levels	GCST90199772
rs72666962	0.158069	0.0180809	2.28413e-18	T	C	0.221985	1	39894252	76.4281457457944	ebi-met1400-GCST90199772	1-stearoyl-GPE (18:0) levels	GCST90199772
rs28698356	-0.135251	0.01552	2.91782e-18	C	G	0.499557	15	58389310	75.9447113510004	ebi-met1400-GCST90199772	1-stearoyl-GPE (18:0) levels	GCST90199772
rs144707726	0.156713	0.0180533	3.93746e-18	CA	C	0.221546	1	39876090	75.3523586280935	ebi-met1400-GCST90199772	1-stearoyl-GPE (18:0) levels	GCST90199772
rs11071377	-0.13479	0.0155698	4.83702e-18	T	A	0.468532	15	58385196	74.9461415125736	ebi-met1400-GCST90199772	1-stearoyl-GPE (18:0) levels	GCST90199772
rs17569868	0.15916	0.0184304	5.836e-18	C	A	0.211046	1	39827239	74.5758718119354	ebi-met1400-GCST90199772	1-stearoyl-GPE (18:0) levels	GCST90199772
rs422137	0.13097	0.0152698	9.73108e-18	A	G	0.432119	15	58416983	73.5659685923773	ebi-met1400-GCST90199772	1-stearoyl-GPE (18:0) levels	GCST90199772
rs409668	-0.130273	0.0152127	1.09537e-17	A	T	0.494282	15	58414727	73.332455448445	ebi-met1400-GCST90199772	1-stearoyl-GPE (18:0) levels	GCST90199772
rs261299	-0.133825	0.0156421	1.17378e-17	A	G	0.44871	15	58394053	73.1955010601963	ebi-met1400-GCST90199772	1-stearoyl-GPE (18:0) levels	GCST90199772
rs56358871	-0.132547	0.0155677	1.67731e-17	C	G	0.500952	15	58387188	72.4921361514104	ebi-met1400-GCST90199772	1-stearoyl-GPE (18:0) levels	GCST90199772
rs72666941	0.156378	0.0184754	2.58076e-17	A	C	0.210126	1	39825225	71.6413249481478	ebi-met1400-GCST90199772	1-stearoyl-GPE (18:0) levels	GCST90199772
rs11071380	-0.131732	0.0156071	3.15987e-17	A	C	0.41826	15	58418428	71.2423349385204	ebi-met1400-GCST90199772	1-stearoyl-GPE (18:0) levels	GCST90199772
rs261298	-0.131953	0.0156578	3.53673e-17	G	C	0.447556	15	58393958	71.0194090361525	ebi-met1400-GCST90199772	1-stearoyl-GPE (18:0) levels	GCST90199772
rs572410	-0.155327	0.0184353	3.59042e-17	G	C	0.762505	15	58449185	70.9893974567271	ebi-met1400-GCST90199772	1-stearoyl-GPE (18:0) levels	GCST90199772
rs12914626	-0.136502	0.0165724	1.77017e-16	T	C	0.697502	15	58446224	67.8433391354863	ebi-met1400-GCST90199772	1-stearoyl-GPE (18:0) levels	GCST90199772
rs12708454	0.136291	0.0166135	2.33208e-16	C	A	0.305917	15	58400003	67.2995382588603	ebi-met1400-GCST90199772	1-stearoyl-GPE (18:0) levels	GCST90199772
rs17821316	-0.12283	0.0151847	6.01285e-16	C	A	0.516873	15	58410870	65.4329456131638	ebi-met1400-GCST90199772	1-stearoyl-GPE (18:0) levels	GCST90199772
rs3134615	0.142352	0.0177343	9.99187e-16	A	C	0.239189	1	39896394	64.4316190760317	ebi-met1400-GCST90199772	1-stearoyl-GPE (18:0) levels	GCST90199772
rs62000868	0.134375	0.0169301	2.07096e-15	G	C	0.2715	15	58413781	62.9967156290012	ebi-met1400-GCST90199772	1-stearoyl-GPE (18:0) levels	GCST90199772
rs61779809	0.146028	0.0186168	4.36772e-15	T	C	0.207512	1	39822792	61.5264996460341	ebi-met1400-GCST90199772	1-stearoyl-GPE (18:0) levels	GCST90199772
rs11857380	0.14524	0.0185344	4.64173e-15	G	T	0.211078	15	58420004	61.4066517093615	ebi-met1400-GCST90199772	1-stearoyl-GPE (18:0) levels	GCST90199772
rs61779808	0.145263	0.0186347	6.42534e-15	A	T	0.207424	1	39822260	60.766637743768	ebi-met1400-GCST90199772	1-stearoyl-GPE (18:0) levels	GCST90199772
rs36015266	0.145267	0.0186353	6.42789e-15	T	C	0.207449	1	39822245	60.7660712074792	ebi-met1400-GCST90199772	1-stearoyl-GPE (18:0) levels	GCST90199772
rs12752810	0.145174	0.0186614	7.29023e-15	T	C	0.206914	1	39821607	60.5186515248285	ebi-met1400-GCST90199772	1-stearoyl-GPE (18:0) levels	GCST90199772
rs7530647	0.136234	0.017558	8.55553e-15	A	G	0.242149	1	39879939	60.2033872836551	ebi-met1400-GCST90199772	1-stearoyl-GPE (18:0) levels	GCST90199772
rs34640847	0.144541	0.018642	8.93863e-15	A	G	0.207269	1	39822151	60.1169727035154	ebi-met1400-GCST90199772	1-stearoyl-GPE (18:0) levels	GCST90199772
rs261333	-0.119626	0.0155066	1.21438e-14	C	T	0.533202	15	58435080	59.5138428775204	ebi-met1400-GCST90199772	1-stearoyl-GPE (18:0) levels	GCST90199772
rs2131311	-0.129875	0.0170027	2.19841e-14	G	A	0.717072	1	39970327	58.3465708804383	ebi-met1400-GCST90199772	1-stearoyl-GPE (18:0) levels	GCST90199772
rs11852978	0.133815	0.0178317	6.17238e-14	G	T	0.233624	15	58406556	56.3150013549086	ebi-met1400-GCST90199772	1-stearoyl-GPE (18:0) levels	GCST90199772
rs6494005	-0.11327	0.0154409	2.20595e-13	G	A	0.532813	15	58432325	53.812674897946	ebi-met1400-GCST90199772	1-stearoyl-GPE (18:0) levels	GCST90199772
rs12745951	0.141634	0.0194642	3.42175e-13	C	T	0.184718	1	39810848	52.9495074189392	ebi-met1400-GCST90199772	1-stearoyl-GPE (18:0) levels	GCST90199772
rs66865670	0.141096	0.0194626	4.18041e-13	C	T	0.184841	1	39811650	52.5566517662697	ebi-met1400-GCST90199772	1-stearoyl-GPE (18:0) levels	GCST90199772
rs36090360	0.139651	0.0194723	7.40513e-13	G	A	0.184777	1	39815579	51.4343902899063	ebi-met1400-GCST90199772	1-stearoyl-GPE (18:0) levels	GCST90199772
rs17190517	-0.112276	0.0157255	9.35027e-13	T	C	0.446775	15	58436945	50.9759041845015	ebi-met1400-GCST90199772	1-stearoyl-GPE (18:0) levels	GCST90199772
rs230304	0.127514	0.0179692	1.28193e-12	G	A	0.240043	1	39817146	50.3568150061414	ebi-met1400-GCST90199772	1-stearoyl-GPE (18:0) levels	GCST90199772
rs28451440	-0.116618	0.0164353	1.28791e-12	G	T	0.681153	15	58405914	50.347267647236	ebi-met1400-GCST90199772	1-stearoyl-GPE (18:0) levels	GCST90199772
rs3131647	0.118011	0.0166933	1.55679e-12	C	T	0.294591	1	39916592	49.975895455079	ebi-met1400-GCST90199772	1-stearoyl-GPE (18:0) levels	GCST90199772
rs11858279	0.115817	0.0165588	2.66598e-12	C	T	0.295967	15	58420774	48.9200509968944	ebi-met1400-GCST90199772	1-stearoyl-GPE (18:0) levels	GCST90199772
rs4775046	-0.106309	0.0152014	2.68364e-12	T	C	0.526349	15	58444579	48.9072104149351	ebi-met1400-GCST90199772	1-stearoyl-GPE (18:0) levels	GCST90199772
rs3131646	0.116423	0.0166867	3.01514e-12	T	G	0.295058	1	39917880	48.6784404427701	ebi-met1400-GCST90199772	1-stearoyl-GPE (18:0) levels	GCST90199772
rs17821274	-0.110936	0.0159294	3.30195e-12	C	T	0.62213	15	58392279	48.5004948044371	ebi-met1400-GCST90199772	1-stearoyl-GPE (18:0) levels	GCST90199772
rs41268045	0.156056	0.0224476	3.60052e-12	T	C	0.131306	1	39850483	48.3304804047298	ebi-met1400-GCST90199772	1-stearoyl-GPE (18:0) levels	GCST90199772
rs62000870	0.112781	0.0163672	5.55262e-12	C	T	0.302535	15	58418537	47.4813549209447	ebi-met1400-GCST90199772	1-stearoyl-GPE (18:0) levels	GCST90199772
rs11858164	-0.102372	0.0151391	1.3603e-11	G	T	0.558349	15	58450532	45.7258998322318	ebi-met1400-GCST90199772	1-stearoyl-GPE (18:0) levels	GCST90199772
rs17269271	-0.101472	0.0152002	2.46045e-11	C	G	0.524648	15	58447562	44.5649923262814	ebi-met1400-GCST90199772	1-stearoyl-GPE (18:0) levels	GCST90199772
rs6664244	0.102912	0.0155028	3.17314e-11	C	T	0.377212	1	39908714	44.0668237178664	ebi-met1400-GCST90199772	1-stearoyl-GPE (18:0) levels	GCST90199772
rs10443218	0.103107	0.0155429	3.27466e-11	C	T	0.376461	1	39905123	44.0060305508087	ebi-met1400-GCST90199772	1-stearoyl-GPE (18:0) levels	GCST90199772
rs17269264	-0.100397	0.0152208	4.22341e-11	A	G	0.522976	15	58446561	43.5077388002671	ebi-met1400-GCST90199772	1-stearoyl-GPE (18:0) levels	GCST90199772
rs11589146	0.108065	0.0165252	6.17539e-11	A	G	0.293497	1	39829736	42.7638371397152	ebi-met1400-GCST90199772	1-stearoyl-GPE (18:0) levels	GCST90199772
rs11287098	0.154879	0.0237176	6.57231e-11	T	A	0.118009	1	39827880	42.6425916010852	ebi-met1400-GCST90199772	1-stearoyl-GPE (18:0) levels	GCST90199772
rs438811	0.116028	0.018073	1.36284e-10	T	C	0.223265	19	44913484	41.215931102977	ebi-met1400-GCST90199772	1-stearoyl-GPE (18:0) levels	GCST90199772
rs5117	0.116234	0.0181494	1.51081e-10	C	T	0.221446	19	44915533	41.0149156359908	ebi-met1400-GCST90199772	1-stearoyl-GPE (18:0) levels	GCST90199772
rs483082	0.115423	0.0180502	1.61028e-10	T	G	0.22346	19	44912921	40.8903360138071	ebi-met1400-GCST90199772	1-stearoyl-GPE (18:0) levels	GCST90199772
rs72666956	0.17384	0.027896	4.61367e-10	G	A	0.0820391	1	39865685	38.8343068510685	ebi-met1400-GCST90199772	1-stearoyl-GPE (18:0) levels	GCST90199772
rs139097404	0.289241	0.0469129	7.02638e-10	C	T	0.0265712	15	43641743	38.0132627815758	ebi-met1400-GCST90199772	1-stearoyl-GPE (18:0) levels	GCST90199772
rs230273	0.0985185	0.0160108	7.59134e-10	C	A	0.33916	1	39827026	37.862520074328	ebi-met1400-GCST90199772	1-stearoyl-GPE (18:0) levels	GCST90199772
rs8041059	-0.0944199	0.0153624	7.93827e-10	T	C	0.532174	15	58451510	37.7753880590352	ebi-met1400-GCST90199772	1-stearoyl-GPE (18:0) levels	GCST90199772
rs875301	-0.0994528	0.0162675	9.74234e-10	C	T	0.66517	1	39820388	37.375963653012	ebi-met1400-GCST90199772	1-stearoyl-GPE (18:0) levels	GCST90199772
rs3131700	0.092891	0.0152182	1.03472e-09	T	G	0.545971	1	39962656	37.2580998016308	ebi-met1400-GCST90199772	1-stearoyl-GPE (18:0) levels	GCST90199772
rs17821159	-0.0936385	0.0153651	1.09951e-09	G	A	0.403196	15	58264863	37.1396762800635	ebi-met1400-GCST90199772	1-stearoyl-GPE (18:0) levels	GCST90199772
rs190543502	0.284642	0.0467785	1.16575e-09	C	T	0.026842	15	43464986	37.0258793229677	ebi-met1400-GCST90199772	1-stearoyl-GPE (18:0) levels	GCST90199772
rs147233090	0.281591	0.0462865	1.17472e-09	T	C	0.02733	15	43735849	37.0108326192841	ebi-met1400-GCST90199772	1-stearoyl-GPE (18:0) levels	GCST90199772
rs3103778	0.0916324	0.0150805	1.23043e-09	G	A	0.529287	1	39968099	36.9204207119305	ebi-met1400-GCST90199772	1-stearoyl-GPE (18:0) levels	GCST90199772
rs72666932	0.234698	0.0386293	1.23483e-09	A	G	0.0395008	1	39816773	36.9134894075265	ebi-met1400-GCST90199772	1-stearoyl-GPE (18:0) levels	GCST90199772
rs2899624	-0.130754	0.0215942	1.40363e-09	G	A	0.145183	15	58287757	36.6636525364675	ebi-met1400-GCST90199772	1-stearoyl-GPE (18:0) levels	GCST90199772
rs2899623	-0.129927	0.0216039	1.80926e-09	C	T	0.144937	15	58287445	36.1688337057812	ebi-met1400-GCST90199772	1-stearoyl-GPE (18:0) levels	GCST90199772
rs1318175	-0.121671	0.020255	1.89056e-09	T	C	0.169155	15	58293930	36.0835833885669	ebi-met1400-GCST90199772	1-stearoyl-GPE (18:0) levels	GCST90199772
rs12148780	-0.129508	0.0215645	1.90591e-09	G	A	0.145429	15	58289090	36.0673643692144	ebi-met1400-GCST90199772	1-stearoyl-GPE (18:0) levels	GCST90199772
rs12148399	-0.129508	0.0215645	1.90591e-09	A	T	0.145429	15	58289171	36.0673643692144	ebi-met1400-GCST90199772	1-stearoyl-GPE (18:0) levels	GCST90199772
rs72739147	-0.132149	0.0220482	2.05201e-09	T	A	0.135941	15	58279202	35.9237348855308	ebi-met1400-GCST90199772	1-stearoyl-GPE (18:0) levels	GCST90199772
rs141866277	0.27868	0.0466739	2.36116e-09	T	A	0.026855	15	43658501	35.6503190547982	ebi-met1400-GCST90199772	1-stearoyl-GPE (18:0) levels	GCST90199772
rs16940011	-0.128706	0.0216334	2.69104e-09	G	C	0.144753	15	58288005	35.3954978871036	ebi-met1400-GCST90199772	1-stearoyl-GPE (18:0) levels	GCST90199772
rs752859067	-0.13046	0.0219579	2.82641e-09	C	CTT	0.138766	15	58290280	35.2998729728244	ebi-met1400-GCST90199772	1-stearoyl-GPE (18:0) levels	GCST90199772
rs16940017	-0.128344	0.0216423	3.02499e-09	A	T	0.144489	15	58289949	35.1677282895411	ebi-met1400-GCST90199772	1-stearoyl-GPE (18:0) levels	GCST90199772
rs62000518	-0.0911465	0.0153729	3.04739e-09	C	T	0.402708	15	58253979	35.1534852261235	ebi-met1400-GCST90199772	1-stearoyl-GPE (18:0) levels	GCST90199772
rs55966152	-0.116611	0.0197423	3.49136e-09	G	A	0.177845	15	58268807	34.8886002120414	ebi-met1400-GCST90199772	1-stearoyl-GPE (18:0) levels	GCST90199772
rs11207115	0.090304	0.0152985	3.574e-09	T	A	0.425833	1	39913211	34.8430587979065	ebi-met1400-GCST90199772	1-stearoyl-GPE (18:0) levels	GCST90199772
rs780093	-0.0905397	0.0153703	3.84867e-09	C	T	0.597446	2	27519736	34.6987167601723	ebi-met1400-GCST90199772	1-stearoyl-GPE (18:0) levels	GCST90199772
rs780094	-0.0905499	0.0153814	3.93312e-09	C	T	0.597858	2	27518370	34.6564614348431	ebi-met1400-GCST90199772	1-stearoyl-GPE (18:0) levels	GCST90199772
rs28690720	-0.127579	0.0216831	4.00909e-09	G	T	0.142989	15	58281634	34.619089534396	ebi-met1400-GCST90199772	1-stearoyl-GPE (18:0) levels	GCST90199772
rs4665972	-0.0908502	0.0154522	4.11701e-09	C	T	0.591443	2	27375230	34.5677517284887	ebi-met1400-GCST90199772	1-stearoyl-GPE (18:0) levels	GCST90199772
rs1260326	-0.0903011	0.0153592	4.1206e-09	C	T	0.587383	2	27508073	34.5659812615427	ebi-met1400-GCST90199772	1-stearoyl-GPE (18:0) levels	GCST90199772
rs56314708	-0.0902694	0.0153663	4.24156e-09	A	C	0.402354	15	58254498	34.5098042686756	ebi-met1400-GCST90199772	1-stearoyl-GPE (18:0) levels	GCST90199772
rs72739122	-0.0898275	0.0153171	4.50417e-09	T	G	0.404024	15	58257753	34.3926413174505	ebi-met1400-GCST90199772	1-stearoyl-GPE (18:0) levels	GCST90199772
rs3845577	0.119108	0.0203102	4.50591e-09	G	C	0.166729	1	39791076	34.3916857991358	ebi-met1400-GCST90199772	1-stearoyl-GPE (18:0) levels	GCST90199772
rs4665985	0.0996745	0.0170368	4.90028e-09	C	A	0.278511	2	27531011	34.2288321157549	ebi-met1400-GCST90199772	1-stearoyl-GPE (18:0) levels	GCST90199772
rs11071371	-0.128485	0.0220567	5.70341e-09	T	C	0.135802	15	58284027	33.9331193956313	ebi-met1400-GCST90199772	1-stearoyl-GPE (18:0) levels	GCST90199772
rs62001668	-0.112843	0.0194145	6.16123e-09	G	T	0.184294	15	58274517	33.7828921538452	ebi-met1400-GCST90199772	1-stearoyl-GPE (18:0) levels	GCST90199772
rs58038553	-0.127158	0.0220263	7.78695e-09	G	A	0.136214	15	58282125	33.3276181650397	ebi-met1400-GCST90199772	1-stearoyl-GPE (18:0) levels	GCST90199772
rs12185071	0.132909	0.0230339	7.92019e-09	T	C	0.123449	15	58391028	33.2946019211242	ebi-met1400-GCST90199772	1-stearoyl-GPE (18:0) levels	GCST90199772
rs7182541	-0.0875424	0.0152137	8.70714e-09	T	C	0.426907	15	58254819	33.1106114774982	ebi-met1400-GCST90199772	1-stearoyl-GPE (18:0) levels	GCST90199772
rs62001677	-0.11454	0.0199067	8.72375e-09	T	C	0.171957	15	58276517	33.1066939795054	ebi-met1400-GCST90199772	1-stearoyl-GPE (18:0) levels	GCST90199772
rs75437656	0.132361	0.0230996	1.00417e-08	C	A	0.123113	15	58388929	32.8330448650059	ebi-met1400-GCST90199772	1-stearoyl-GPE (18:0) levels	GCST90199772
rs166358	0.12926	0.022708	1.25364e-08	A	G	0.127284	15	58388606	32.4019040825852	ebi-met1400-GCST90199772	1-stearoyl-GPE (18:0) levels	GCST90199772
rs8040386	-0.112067	0.0197022	1.28499e-08	G	A	0.176417	15	58275587	32.353855807122	ebi-met1400-GCST90199772	1-stearoyl-GPE (18:0) levels	GCST90199772
rs62001669	-0.112283	0.019744	1.29349e-08	T	C	0.176011	15	58274923	32.3413191920808	ebi-met1400-GCST90199772	1-stearoyl-GPE (18:0) levels	GCST90199772
rs7315	0.0869926	0.015311	1.33364e-08	C	T	0.39473	1	39841226	32.281782650366	ebi-met1400-GCST90199772	1-stearoyl-GPE (18:0) levels	GCST90199772
rs6693076	0.0868865	0.0153139	1.39748e-08	G	T	0.394657	1	39837431	32.190890637039	ebi-met1400-GCST90199772	1-stearoyl-GPE (18:0) levels	GCST90199772
rs62001667	-0.110661	0.0195377	1.47892e-08	G	C	0.181011	15	58274096	32.0805870821709	ebi-met1400-GCST90199772	1-stearoyl-GPE (18:0) levels	GCST90199772
rs174560	-0.0922747	0.0163052	1.52072e-08	C	T	0.308028	11	61814292	32.0267613290146	ebi-met1400-GCST90199772	1-stearoyl-GPE (18:0) levels	GCST90199772
rs6700363	0.086597	0.0153151	1.56417e-08	C	T	0.394743	1	39869953	31.9717214128403	ebi-met1400-GCST90199772	1-stearoyl-GPE (18:0) levels	GCST90199772
rs10789047	0.0865133	0.0153138	1.61025e-08	T	C	0.393952	1	39848660	31.9153649392173	ebi-met1400-GCST90199772	1-stearoyl-GPE (18:0) levels	GCST90199772
rs3768310	0.0863805	0.0153131	1.69097e-08	A	G	0.394609	1	39842725	31.820367410298	ebi-met1400-GCST90199772	1-stearoyl-GPE (18:0) levels	GCST90199772
rs16940168	0.131535	0.0233222	1.70143e-08	T	A	0.120182	15	58391955	31.8085320891271	ebi-met1400-GCST90199772	1-stearoyl-GPE (18:0) levels	GCST90199772
rs3845570	0.08632	0.015312	1.72625e-08	A	G	0.39488	1	39883459	31.7803753675551	ebi-met1400-GCST90199772	1-stearoyl-GPE (18:0) levels	GCST90199772
rs12134452	0.0862785	0.0153124	1.75503e-08	C	T	0.394829	1	39879621	31.7481659044864	ebi-met1400-GCST90199772	1-stearoyl-GPE (18:0) levels	GCST90199772
rs7523024	0.0860156	0.0153109	1.93264e-08	C	A	0.39495	1	39880329	31.5611635827108	ebi-met1400-GCST90199772	1-stearoyl-GPE (18:0) levels	GCST90199772
rs375372	-0.086919	0.0154819	1.9745e-08	G	T	0.603862	15	58424416	31.5196166149471	ebi-met1400-GCST90199772	1-stearoyl-GPE (18:0) levels	GCST90199772
rs11854656	0.089782	0.0160208	2.09371e-08	C	A	0.325231	15	58420746	31.4058211797199	ebi-met1400-GCST90199772	1-stearoyl-GPE (18:0) levels	GCST90199772
rs7533329	0.0858021	0.0153166	2.12025e-08	C	G	0.394817	1	39880457	31.3813117427608	ebi-met1400-GCST90199772	1-stearoyl-GPE (18:0) levels	GCST90199772
rs139974673	0.248854	0.044612	2.43031e-08	C	T	0.0295969	15	43735687	31.1161505900394	ebi-met1400-GCST90199772	1-stearoyl-GPE (18:0) levels	GCST90199772
rs55707100	0.250383	0.0450055	2.64569e-08	T	C	0.0291697	15	43528519	30.9512715423756	ebi-met1400-GCST90199772	1-stearoyl-GPE (18:0) levels	GCST90199772
rs55760919	-0.109441	0.0196995	2.76768e-08	G	T	0.176787	15	58267917	30.8638215119375	ebi-met1400-GCST90199772	1-stearoyl-GPE (18:0) levels	GCST90199772
rs1560390	-0.102666	0.0184851	2.79165e-08	C	T	0.218088	15	58288582	30.8467685352883	ebi-met1400-GCST90199772	1-stearoyl-GPE (18:0) levels	GCST90199772
rs143875230	0.251367	0.0454242	3.13411e-08	A	G	0.0283946	15	42986528	30.6225920822485	ebi-met1400-GCST90199772	1-stearoyl-GPE (18:0) levels	GCST90199772
rs174544	-0.0903761	0.0163828	3.45789e-08	A	C	0.301381	11	61800281	30.4320307207371	ebi-met1400-GCST90199772	1-stearoyl-GPE (18:0) levels	GCST90199772
rs174556	-0.0903761	0.0163828	3.45789e-08	T	C	0.301381	11	61813163	30.4320307207371	ebi-met1400-GCST90199772	1-stearoyl-GPE (18:0) levels	GCST90199772
rs174548	-0.0894166	0.0162907	4.04613e-08	G	C	0.30884	11	61803876	30.1270641468564	ebi-met1400-GCST90199772	1-stearoyl-GPE (18:0) levels	GCST90199772
rs429358	0.118659	0.021631	4.12068e-08	C	T	0.137526	19	44908684	30.0918004621076	ebi-met1400-GCST90199772	1-stearoyl-GPE (18:0) levels	GCST90199772
rs771297649	0.249435	0.0455162	4.24965e-08	C	CCTAAGTAT	0.0283007	15	43068311	30.0318987167445	ebi-met1400-GCST90199772	1-stearoyl-GPE (18:0) levels	GCST90199772
rs440446	0.0860888	0.0157453	4.56167e-08	G	C	0.626413	19	44905910	29.8945092755597	ebi-met1400-GCST90199772	1-stearoyl-GPE (18:0) levels	GCST90199772
rs59007384	0.101843	0.0186562	4.78983e-08	T	G	0.203087	19	44893408	29.7999811968379	ebi-met1400-GCST90199772	1-stearoyl-GPE (18:0) levels	GCST90199772
