SNP	beta.exposure	se.exposure	pval.exposure	effect_allele.exposure	other_allele.exposure	eaf.exposure	chr.exposure	pos.exposure	exposure	mr_keep.exposure	pval_origin.exposure	id.exposure	gcst	F_stat	pval.exposure.raw
rs4843270	0.205627	0.0165261	1.53431e-35	A	C	0.265349	16	87844466	Kynurenine levels	TRUE	reported	ebi-met1400-GCST90199636	GCST90199636	154.817313182933	1.53431e-35
rs61825638	0.130031	0.0171027	2.89497e-14	T	C	0.246402	1	241550102	Kynurenine levels	TRUE	reported	ebi-met1400-GCST90199636	GCST90199636	57.8048727391462	2.89497e-14
rs3184504	-0.108142	0.0148104	2.83947e-13	C	T	0.513669	12	111446804	Kynurenine levels	TRUE	reported	ebi-met1400-GCST90199636	GCST90199636	53.3157126022874	2.83947e-13
rs6540080	-0.107927	0.0164258	5.01151e-11	A	G	0.287217	16	87784963	Kynurenine levels	TRUE	reported	ebi-met1400-GCST90199636	GCST90199636	43.1724951641605	5.01151e-11
rs10216901	-0.092585	0.0153069	1.4614e-09	T	C	0.372432	8	39947074	Kynurenine levels	TRUE	reported	ebi-met1400-GCST90199636	GCST90199636	36.5853127439895	1.4614e-09
rs35853021	0.209211	0.0156847	1.38224e-40	T	G	0.349697	15	58388444	1-stearoyl-GPE (18:0) levels	TRUE	reported	ebi-met1400-GCST90199772	GCST90199772	177.916652158387	1.38224e-40
rs77692382	0.183751	0.017437	5.77053e-26	T	C	0.249206	1	39941043	1-stearoyl-GPE (18:0) levels	TRUE	reported	ebi-met1400-GCST90199772	GCST90199772	111.049315878456	5.77053e-26
rs633695	0.16951	0.0169379	1.409e-23	G	A	0.284666	15	58433640	1-stearoyl-GPE (18:0) levels	TRUE	reported	ebi-met1400-GCST90199772	GCST90199772	100.15474251068	1.409e-23
rs438811	0.116028	0.018073	1.36284e-10	T	C	0.223265	19	44913484	1-stearoyl-GPE (18:0) levels	TRUE	reported	ebi-met1400-GCST90199772	GCST90199772	41.215931102977	1.36284e-10
rs139097404	0.289241	0.0469129	7.02638e-10	C	T	0.0265712	15	43641743	1-stearoyl-GPE (18:0) levels	TRUE	reported	ebi-met1400-GCST90199772	GCST90199772	38.0132627815758	7.02638e-10
rs780093	-0.0905397	0.0153703	3.84867e-09	C	T	0.597446	2	27519736	1-stearoyl-GPE (18:0) levels	TRUE	reported	ebi-met1400-GCST90199772	GCST90199772	34.6987167601723	3.84867e-09
rs174560	-0.0922747	0.0163052	1.52072e-08	C	T	0.308028	11	61814292	1-stearoyl-GPE (18:0) levels	TRUE	reported	ebi-met1400-GCST90199772	GCST90199772	32.0267613290146	1.52072e-08
rs10774021	0.351263	0.0141938	3.28849e-135	T	C	0.651563	12	240132	Deoxycarnitine levels	TRUE	reported	ebi-met1400-GCST90199813	GCST90199813	612.44550203627	3.28849e-135
rs1171615	0.142349	0.0168286	2.70294e-17	T	C	0.77054	10	59709332	Deoxycarnitine levels	TRUE	reported	ebi-met1400-GCST90199813	GCST90199813	71.5505317338157	2.70294e-17
rs17243908	0.276975	0.0357078	8.71619e-15	C	A	0.039432	11	27095194	Deoxycarnitine levels	TRUE	reported	ebi-met1400-GCST90199813	GCST90199813	60.1665285889781	8.71619e-15
rs2072536	0.0888067	0.0143927	6.81839e-10	T	C	0.406837	12	204273	Deoxycarnitine levels	TRUE	reported	ebi-met1400-GCST90199813	GCST90199813	38.0721075227284	6.81839e-10
rs2255531	0.0899565	0.0146227	7.65871e-10	A	G	0.347887	12	120977112	Deoxycarnitine levels	TRUE	reported	ebi-met1400-GCST90199813	GCST90199813	37.8451263253021	7.65871e-10
rs10240723	-0.241981	0.0147294	1.19812e-60	T	C	0.381729	7	97981884	X-25422 levels	TRUE	reported	ebi-met1400-GCST90200661	GCST90200661	269.893497765411	1.19812e-60
rs2282377	-0.198248	0.0213001	1.31041e-20	G	C	0.12992	14	104105483	X-25422 levels	TRUE	reported	ebi-met1400-GCST90200661	GCST90200661	86.6272134523671	1.31041e-20
rs1620646	0.19375	0.0221557	2.23159e-18	A	C	0.120766	7	97996146	X-25422 levels	TRUE	reported	ebi-met1400-GCST90200661	GCST90200661	76.4737647071653	2.23159e-18
rs1510303	-0.101038	0.0143321	1.79209e-12	A	G	0.521954	7	97744357	X-25422 levels	TRUE	reported	ebi-met1400-GCST90200661	GCST90200661	49.6992485757242	1.79209e-12
rs2169387	-0.134199	0.0244416	4.00599e-08	G	A	0.90217	8	9323885	X-25422 levels	TRUE	reported	ebi-met1400-GCST90200661	GCST90200661	30.1466663630991	4.00599e-08
rs1047891	0.0853351	0.0156234	4.70748e-08	A	C	0.308919	2	210675783	X-25422 levels	TRUE	reported	ebi-met1400-GCST90200661	GCST90200661	29.8335063693504	4.70748e-08
rs1115784	0.626255	0.0162373	1.1125369292541e-308	G	A	0.295497	8	18397900	5-acetylamino-6-formylamino-3-methyluracil levels	TRUE	reported	ebi-met1400-GCST90200680	GCST90200680	1487.56099748354	1.1125369292536e-308
rs12545528	-0.164242	0.0166001	4.41954e-23	T	G	0.390469	8	18414438	5-acetylamino-6-formylamino-3-methyluracil levels	TRUE	reported	ebi-met1400-GCST90200680	GCST90200680	97.8919638615948	4.41954e-23
rs971770	-0.262581	0.0311507	3.47514e-17	C	T	0.925458	8	18360305	5-acetylamino-6-formylamino-3-methyluracil levels	TRUE	reported	ebi-met1400-GCST90200680	GCST90200680	71.0543997936854	3.47514e-17
rs7836592	-0.11192	0.0163442	7.50594e-12	T	C	0.484754	8	18157388	5-acetylamino-6-formylamino-3-methyluracil levels	TRUE	reported	ebi-met1400-GCST90200680	GCST90200680	46.8908458525427	7.50594e-12
