exposure	outcome_dataset	outcome_population	instrument_setting	match_method	exp_SNP	exp_chr	exp_pos	outcome_SNP	outcome_chr	outcome_pos	outcome_variant_id	effect_allele	other_allele	beta_exposure	se_exposure	pval_exposure	f_stat	beta_outcome_aligned	se_outcome	pval_outcome	allele_match	ratio	ratio_se	ratio_pval	ratio_or	ratio_or_lci95	ratio_or_uci95
AHR_expression_eQTLGen_whole_blood	Sakaue2021_BBJ_Myocarditis	East Asian / BBJ	p0p00000005_r2_0p001_kb10000	rsID	rs518136	7	17081157	NA	7	17081157	7:17081157:G:A	A	G	-0.150674182972047	0.00815495350674626	3.1982e-76	341.37735696	-0.104861773111757	0.159652607130246	0.511301706921201	aligned	0.695950500897761	1.05958833810212	0.511301706921199	2.00561450662909	0.251366651750381	16.002478933425
AHR_expression_eQTLGen_whole_blood	Sakaue2021_EUR_Myocarditis	European	p0p00000005_r2_0p001_kb10000	chr_pos	rs113521727	7	16999585	7:16999585:G:A	NA	NA	7:16999585:G:A	A	G	0.113635514402461	0.0177580463506526	1.564e-10	40.94848081	-0.0066	0.1411	0.9627	aligned	-0.0580804340500883	1.24168927946477	0.962692286021464	0.943574048902115	0.0827615728111244	10.7577944149686
AHR_expression_eQTLGen_whole_blood	Sakaue2021_EUR_Myocarditis	European	p0p00000005_r2_0p001_kb10000	chr_pos	rs17643734	7	17162882	7:17162882:A:G	NA	NA	7:17162882:A:G	G	A	0.47750368044453	0.0164997816324993	3.7714e-184	837.5236	0.1309	0.1154	0.2568	aligned	0.274134012701513	0.241673529914092	0.256662261313847	1.31539106953821	0.819102454461789	2.11237758646173
AHR_expression_eQTLGen_whole_blood	Sakaue2021_EUR_Myocarditis	European	p0p00000005_r2_0p001_kb10000	chr_pos	rs518136	7	17081157	7:17081157:G:A	NA	NA	7:17081157:G:A	A	G	-0.150674182972047	0.00815495350674626	3.1982e-76	341.37735696	0.0511	0.0585	0.382	aligned	-0.339142373245721	0.388254967414377	0.382388277933143	0.712381017871113	0.332830439498698	1.52476052186648
AHR_expression_eQTLGen_whole_blood	FinnGen_R12_I9_MYOCARD	Finnish / European	p0p00000005_r2_0p001_kb10000	rsID	rs113521727	7	16999585	NA	7	16959961	7:16959961:G:A	A	G	0.113635514402461	0.0177580463506526	1.564e-10	40.94848081	0.0740138	0.0851715	0.384849	aligned	0.651326307529762	0.749514801317742	0.384848630288837	1.91808311079004	0.441435791092793	8.33426490133564
AHR_expression_eQTLGen_whole_blood	FinnGen_R12_I9_MYOCARD	Finnish / European	p0p00000005_r2_0p001_kb10000	rsID	rs17643734	7	17162882	NA	7	17123258	7:17123258:A:G	G	A	0.47750368044453	0.0164997816324993	3.7714e-184	837.5236	-0.00428581	0.0626635	0.945472	aligned	-0.00897544914420375	0.131231449235457	0.945471965167743	0.991064709960986	0.766294215499062	1.28176520122936
AHR_expression_eQTLGen_whole_blood	FinnGen_R12_I9_MYOCARD	Finnish / European	p0p00000005_r2_0p001_kb10000	rsID	rs518136	7	17081157	NA	7	17041533	7:17041533:G:A	A	G	-0.150674182972047	0.00815495350674626	3.1982e-76	341.37735696	0.0524734	0.0325057	0.106466	aligned	-0.348257405249941	0.215735034090282	0.106466048543867	0.705917146046822	0.462504925634006	1.07743504871822
AHR_expression_eQTLGen_whole_blood	Sakaue2021_BBJ_Myocarditis	East Asian / BBJ	p0p00000005_r2_0p01_kb10000	rsID	rs10246398	7	17236657	NA	7	17236657	7:17236657:C:T	C	T	-0.0709667225831592	0.00988077949725843	6.8498e-13	51.58543329	-0.855289679390633	0.408104289417535	0.036103261517874	swapped	12.0519822285494	5.75064304173433	0.0361032615178739	171438.902513549	2.18304756630328	13463425052.5383
AHR_expression_eQTLGen_whole_blood	Sakaue2021_BBJ_Myocarditis	East Asian / BBJ	p0p00000005_r2_0p01_kb10000	rsID	rs10950642	7	17016646	NA	7	17016646	7:17016646:G:A	A	G	-0.0690909484188838	0.00824858208699559	5.4664e-17	70.15905121	-0.0100613294580726	0.150959776543124	0.946861076426573	aligned	0.145624422421775	2.1849428904621	0.946861076426573	1.15676165271493	0.015972869649517	83.773144748116
AHR_expression_eQTLGen_whole_blood	Sakaue2021_BBJ_Myocarditis	East Asian / BBJ	p0p00000005_r2_0p01_kb10000	rsID	rs2188795	7	17306986	NA	7	17306986	7:17306986:C:T	C	T	0.120750893177359	0.00858203104272571	5.8069e-45	197.97052804	-0.179896436648878	0.153332296783952	0.240697345939571	swapped	-1.48981454227958	1.26982329280776	0.240697345939572	0.225414456514416	0.0187105415222612	2.71567111754812
AHR_expression_eQTLGen_whole_blood	Sakaue2021_BBJ_Myocarditis	East Asian / BBJ	p0p00000005_r2_0p01_kb10000	rsID	rs518136	7	17081157	NA	7	17081157	7:17081157:G:A	A	G	-0.150674182972047	0.00815495350674626	3.1982e-76	341.37735696	-0.104861773111757	0.159652607130246	0.511301706921201	aligned	0.695950500897761	1.05958833810212	0.511301706921199	2.00561450662909	0.251366651750381	16.002478933425
AHR_expression_eQTLGen_whole_blood	Sakaue2021_EUR_Myocarditis	European	p0p00000005_r2_0p01_kb10000	chr_pos	rs10246398	7	17236657	7:17236657:C:T	NA	NA	7:17236657:C:T	C	T	-0.0709667225831592	0.00988077949725843	6.8498e-13	51.58543329	0.0656	0.0635	0.3019	swapped	-0.924376913744742	0.894785579615719	0.301570736138364	0.396778569341967	0.0686896566171302	2.2919496302999
AHR_expression_eQTLGen_whole_blood	Sakaue2021_EUR_Myocarditis	European	p0p00000005_r2_0p01_kb10000	chr_pos	rs10950642	7	17016646	7:17016646:G:A	NA	NA	7:17016646:G:A	A	G	-0.0690909484188838	0.00824858208699559	5.4664e-17	70.15905121	0.039	0.0594	0.5113	aligned	-0.564473362900611	0.859736352725546	0.511460237654821	0.568659545126862	0.105445967438665	3.06672399256982
AHR_expression_eQTLGen_whole_blood	Sakaue2021_EUR_Myocarditis	European	p0p00000005_r2_0p01_kb10000	chr_pos	rs17643734	7	17162882	7:17162882:A:G	NA	NA	7:17162882:A:G	G	A	0.47750368044453	0.0164997816324993	3.7714e-184	837.5236	0.1309	0.1154	0.2568	aligned	0.274134012701513	0.241673529914092	0.256662261313847	1.31539106953821	0.819102454461789	2.11237758646173
AHR_expression_eQTLGen_whole_blood	Sakaue2021_EUR_Myocarditis	European	p0p00000005_r2_0p01_kb10000	chr_pos	rs2188795	7	17306986	7:17306986:C:T	NA	NA	7:17306986:C:T	C	T	0.120750893177359	0.00858203104272571	5.8069e-45	197.97052804	0.316	0.13	0.01506	swapped	2.61695786826073	1.07659659137308	0.0150668074948415	13.6940011990721	1.66001817178917	112.966033762192
AHR_expression_eQTLGen_whole_blood	Sakaue2021_EUR_Myocarditis	European	p0p00000005_r2_0p01_kb10000	chr_pos	rs518136	7	17081157	7:17081157:G:A	NA	NA	7:17081157:G:A	A	G	-0.150674182972047	0.00815495350674626	3.1982e-76	341.37735696	0.0511	0.0585	0.382	aligned	-0.339142373245721	0.388254967414377	0.382388277933143	0.712381017871113	0.332830439498698	1.52476052186648
AHR_expression_eQTLGen_whole_blood	Sakaue2021_EUR_Myocarditis	European	p0p00000005_r2_0p01_kb10000	chr_pos	rs73073514	7	16821164	7:16821164:A:G	NA	NA	7:16821164:A:G	G	A	0.121156066391615	0.0214030184238019	1.5084e-08	32.04352449	0.0272	0.1976	0.8905	aligned	0.224503822302062	1.63095423848851	0.890515597399176	1.25170149572009	0.0511922827858783	30.6053285597981
AHR_expression_eQTLGen_whole_blood	FinnGen_R12_I9_MYOCARD	Finnish / European	p0p00000005_r2_0p01_kb10000	rsID	rs10246398	7	17236657	NA	7	17197033	7:17197033:C:T	C	T	-0.0709667225831592	0.00988077949725843	6.8498e-13	51.58543329	0.0475691	0.0343392	0.165969	swapped	-0.670301491579497	0.483877495677797	0.165969599247512	0.511554325213278	0.19815586061817	1.32061613937658
AHR_expression_eQTLGen_whole_blood	FinnGen_R12_I9_MYOCARD	Finnish / European	p0p00000005_r2_0p01_kb10000	rsID	rs10950642	7	17016646	NA	7	16977022	7:16977022:G:A	A	G	-0.0690909484188838	0.00824858208699559	5.4664e-17	70.15905121	-0.0102527	0.0332278	0.757658	aligned	0.148394257636182	0.480928410456126	0.757657854335202	1.15997013330527	0.451931153119797	2.97729134376266
AHR_expression_eQTLGen_whole_blood	FinnGen_R12_I9_MYOCARD	Finnish / European	p0p00000005_r2_0p01_kb10000	rsID	rs17643734	7	17162882	NA	7	17123258	7:17123258:A:G	G	A	0.47750368044453	0.0164997816324993	3.7714e-184	837.5236	-0.00428581	0.0626635	0.945472	aligned	-0.00897544914420375	0.131231449235457	0.945471965167743	0.991064709960986	0.766294215499062	1.28176520122936
AHR_expression_eQTLGen_whole_blood	FinnGen_R12_I9_MYOCARD	Finnish / European	p0p00000005_r2_0p01_kb10000	rsID	rs2188795	7	17306986	NA	7	17267362	7:17267362:C:T	C	T	0.120750893177359	0.00858203104272571	5.8069e-45	197.97052804	-0.0237387	0.0355642	0.504459	swapped	-0.196592334643294	0.294525357653159	0.504460054386199	0.821525472531649	0.461228343890984	1.46327542736157
AHR_expression_eQTLGen_whole_blood	FinnGen_R12_I9_MYOCARD	Finnish / European	p0p00000005_r2_0p01_kb10000	rsID	rs518136	7	17081157	NA	7	17041533	7:17041533:G:A	A	G	-0.150674182972047	0.00815495350674626	3.1982e-76	341.37735696	0.0524734	0.0325057	0.106466	aligned	-0.348257405249941	0.215735034090282	0.106466048543867	0.705917146046822	0.462504925634006	1.07743504871822
AHR_expression_eQTLGen_whole_blood	FinnGen_R12_I9_MYOCARD	Finnish / European	p0p00000005_r2_0p01_kb10000	rsID	rs73073514	7	16821164	NA	7	16781539	7:16781539:A:G	G	A	0.121156066391615	0.0214030184238019	1.5084e-08	32.04352449	0.158863	0.121406	0.190694	aligned	1.31122612949899	1.00206290626486	0.190694703707859	3.71072074818493	0.520577156386581	26.4503509270101
AHR_expression_eQTLGen_whole_blood	Sakaue2021_BBJ_Myocarditis	East Asian / BBJ	p0p000001_r2_0p001_kb10000	rsID	rs143140455	7	17390187	NA	7	17390187	7:17390187:C:T	T	C	0.0867318986881076	0.0173020863964466	5.3644e-07	25.12816384	-0.290965546435551	1.73918529681211	0.867134073681467	aligned	-3.35476970799265	20.0524296495147	0.867134073681467	0.0349174104294539	2.97899187363973e-19	4092745475029740
AHR_expression_eQTLGen_whole_blood	Sakaue2021_BBJ_Myocarditis	East Asian / BBJ	p0p000001_r2_0p001_kb10000	rsID	rs518136	7	17081157	NA	7	17081157	7:17081157:G:A	A	G	-0.150674182972047	0.00815495350674626	3.1982e-76	341.37735696	-0.104861773111757	0.159652607130246	0.511301706921201	aligned	0.695950500897761	1.05958833810212	0.511301706921199	2.00561450662909	0.251366651750381	16.002478933425
AHR_expression_eQTLGen_whole_blood	Sakaue2021_EUR_Myocarditis	European	p0p000001_r2_0p001_kb10000	chr_pos	rs113521727	7	16999585	7:16999585:G:A	NA	NA	7:16999585:G:A	A	G	0.113635514402461	0.0177580463506526	1.564e-10	40.94848081	-0.0066	0.1411	0.9627	aligned	-0.0580804340500883	1.24168927946477	0.962692286021464	0.943574048902115	0.0827615728111244	10.7577944149686
AHR_expression_eQTLGen_whole_blood	Sakaue2021_EUR_Myocarditis	European	p0p000001_r2_0p001_kb10000	chr_pos	rs143140455	7	17390187	7:17390187:C:T	NA	NA	7:17390187:C:T	T	C	0.0867318986881076	0.0173020863964466	5.3644e-07	25.12816384	-0.0306	0.1149	0.7901	aligned	-0.352811370013231	1.32477210504968	0.789993897334179	0.702709733004014	0.0523729681423442	9.42854656464137
AHR_expression_eQTLGen_whole_blood	Sakaue2021_EUR_Myocarditis	European	p0p000001_r2_0p001_kb10000	chr_pos	rs17643734	7	17162882	7:17162882:A:G	NA	NA	7:17162882:A:G	G	A	0.47750368044453	0.0164997816324993	3.7714e-184	837.5236	0.1309	0.1154	0.2568	aligned	0.274134012701513	0.241673529914092	0.256662261313847	1.31539106953821	0.819102454461789	2.11237758646173
AHR_expression_eQTLGen_whole_blood	Sakaue2021_EUR_Myocarditis	European	p0p000001_r2_0p001_kb10000	chr_pos	rs518136	7	17081157	7:17081157:G:A	NA	NA	7:17081157:G:A	A	G	-0.150674182972047	0.00815495350674626	3.1982e-76	341.37735696	0.0511	0.0585	0.382	aligned	-0.339142373245721	0.388254967414377	0.382388277933143	0.712381017871113	0.332830439498698	1.52476052186648
AHR_expression_eQTLGen_whole_blood	FinnGen_R12_I9_MYOCARD	Finnish / European	p0p000001_r2_0p001_kb10000	rsID	rs113521727	7	16999585	NA	7	16959961	7:16959961:G:A	A	G	0.113635514402461	0.0177580463506526	1.564e-10	40.94848081	0.0740138	0.0851715	0.384849	aligned	0.651326307529762	0.749514801317742	0.384848630288837	1.91808311079004	0.441435791092793	8.33426490133564
AHR_expression_eQTLGen_whole_blood	FinnGen_R12_I9_MYOCARD	Finnish / European	p0p000001_r2_0p001_kb10000	rsID	rs143140455	7	17390187	NA	7	17350563	7:17350563:C:T	T	C	0.0867318986881076	0.0173020863964466	5.3644e-07	25.12816384	-0.0552992	0.0642607	0.389489	aligned	-0.637587794530577	0.740911947876119	0.389488895499814	0.528565897034067	0.12371494228101	2.25827133211469
AHR_expression_eQTLGen_whole_blood	FinnGen_R12_I9_MYOCARD	Finnish / European	p0p000001_r2_0p001_kb10000	rsID	rs17643734	7	17162882	NA	7	17123258	7:17123258:A:G	G	A	0.47750368044453	0.0164997816324993	3.7714e-184	837.5236	-0.00428581	0.0626635	0.945472	aligned	-0.00897544914420375	0.131231449235457	0.945471965167743	0.991064709960986	0.766294215499062	1.28176520122936
AHR_expression_eQTLGen_whole_blood	FinnGen_R12_I9_MYOCARD	Finnish / European	p0p000001_r2_0p001_kb10000	rsID	rs518136	7	17081157	NA	7	17041533	7:17041533:G:A	A	G	-0.150674182972047	0.00815495350674626	3.1982e-76	341.37735696	0.0524734	0.0325057	0.106466	aligned	-0.348257405249941	0.215735034090282	0.106466048543867	0.705917146046822	0.462504925634006	1.07743504871822
AHR_expression_eQTLGen_whole_blood	Sakaue2021_BBJ_Myocarditis	East Asian / BBJ	p0p000001_r2_0p01_kb10000	rsID	rs10246398	7	17236657	NA	7	17236657	7:17236657:C:T	C	T	-0.0709667225831592	0.00988077949725843	6.8498e-13	51.58543329	-0.855289679390633	0.408104289417535	0.036103261517874	swapped	12.0519822285494	5.75064304173433	0.0361032615178739	171438.902513549	2.18304756630328	13463425052.5383
AHR_expression_eQTLGen_whole_blood	Sakaue2021_BBJ_Myocarditis	East Asian / BBJ	p0p000001_r2_0p01_kb10000	rsID	rs10950642	7	17016646	NA	7	17016646	7:17016646:G:A	A	G	-0.0690909484188838	0.00824858208699559	5.4664e-17	70.15905121	-0.0100613294580726	0.150959776543124	0.946861076426573	aligned	0.145624422421775	2.1849428904621	0.946861076426573	1.15676165271493	0.015972869649517	83.773144748116
AHR_expression_eQTLGen_whole_blood	Sakaue2021_BBJ_Myocarditis	East Asian / BBJ	p0p000001_r2_0p01_kb10000	rsID	rs2188795	7	17306986	NA	7	17306986	7:17306986:C:T	C	T	0.120750893177359	0.00858203104272571	5.8069e-45	197.97052804	-0.179896436648878	0.153332296783952	0.240697345939571	swapped	-1.48981454227958	1.26982329280776	0.240697345939572	0.225414456514416	0.0187105415222612	2.71567111754812
AHR_expression_eQTLGen_whole_blood	Sakaue2021_BBJ_Myocarditis	East Asian / BBJ	p0p000001_r2_0p01_kb10000	rsID	rs518136	7	17081157	NA	7	17081157	7:17081157:G:A	A	G	-0.150674182972047	0.00815495350674626	3.1982e-76	341.37735696	-0.104861773111757	0.159652607130246	0.511301706921201	aligned	0.695950500897761	1.05958833810212	0.511301706921199	2.00561450662909	0.251366651750381	16.002478933425
AHR_expression_eQTLGen_whole_blood	Sakaue2021_EUR_Myocarditis	European	p0p000001_r2_0p01_kb10000	chr_pos	rs10246398	7	17236657	7:17236657:C:T	NA	NA	7:17236657:C:T	C	T	-0.0709667225831592	0.00988077949725843	6.8498e-13	51.58543329	0.0656	0.0635	0.3019	swapped	-0.924376913744742	0.894785579615719	0.301570736138364	0.396778569341967	0.0686896566171302	2.2919496302999
AHR_expression_eQTLGen_whole_blood	Sakaue2021_EUR_Myocarditis	European	p0p000001_r2_0p01_kb10000	chr_pos	rs10950642	7	17016646	7:17016646:G:A	NA	NA	7:17016646:G:A	A	G	-0.0690909484188838	0.00824858208699559	5.4664e-17	70.15905121	0.039	0.0594	0.5113	aligned	-0.564473362900611	0.859736352725546	0.511460237654821	0.568659545126862	0.105445967438665	3.06672399256982
AHR_expression_eQTLGen_whole_blood	Sakaue2021_EUR_Myocarditis	European	p0p000001_r2_0p01_kb10000	chr_pos	rs112198319	7	17327900	7:17327900:A:G	NA	NA	7:17327900:A:G	G	A	-0.179924082380617	0.0340584694443508	1.2722e-07	27.90797584	0.1238	0.2815	0.6602	aligned	-0.688067980461391	1.56454876009597	0.660091488221211	0.502546060551117	0.0234101977504853	10.7881422304607
AHR_expression_eQTLGen_whole_blood	Sakaue2021_EUR_Myocarditis	European	p0p000001_r2_0p01_kb10000	chr_pos	rs17643734	7	17162882	7:17162882:A:G	NA	NA	7:17162882:A:G	G	A	0.47750368044453	0.0164997816324993	3.7714e-184	837.5236	0.1309	0.1154	0.2568	aligned	0.274134012701513	0.241673529914092	0.256662261313847	1.31539106953821	0.819102454461789	2.11237758646173
AHR_expression_eQTLGen_whole_blood	Sakaue2021_EUR_Myocarditis	European	p0p000001_r2_0p01_kb10000	chr_pos	rs2188795	7	17306986	7:17306986:C:T	NA	NA	7:17306986:C:T	C	T	0.120750893177359	0.00858203104272571	5.8069e-45	197.97052804	0.316	0.13	0.01506	swapped	2.61695786826073	1.07659659137308	0.0150668074948415	13.6940011990721	1.66001817178917	112.966033762192
AHR_expression_eQTLGen_whole_blood	Sakaue2021_EUR_Myocarditis	European	p0p000001_r2_0p01_kb10000	chr_pos	rs518136	7	17081157	7:17081157:G:A	NA	NA	7:17081157:G:A	A	G	-0.150674182972047	0.00815495350674626	3.1982e-76	341.37735696	0.0511	0.0585	0.382	aligned	-0.339142373245721	0.388254967414377	0.382388277933143	0.712381017871113	0.332830439498698	1.52476052186648
AHR_expression_eQTLGen_whole_blood	Sakaue2021_EUR_Myocarditis	European	p0p000001_r2_0p01_kb10000	chr_pos	rs6971769	7	16755789	7:16755789:G:C	NA	NA	7:16755789:G:C	C	G	0.0679397162121434	0.0126422992579351	7.7009e-08	28.879876	0.0276	0.0818	0.7358	aligned	0.406242497596227	1.20400856171635	0.735809118867978	1.50116653760038	0.14176078092362	15.8965050765719
AHR_expression_eQTLGen_whole_blood	Sakaue2021_EUR_Myocarditis	European	p0p000001_r2_0p01_kb10000	chr_pos	rs73073514	7	16821164	7:16821164:A:G	NA	NA	7:16821164:A:G	G	A	0.121156066391615	0.0214030184238019	1.5084e-08	32.04352449	0.0272	0.1976	0.8905	aligned	0.224503822302062	1.63095423848851	0.890515597399176	1.25170149572009	0.0511922827858783	30.6053285597981
AHR_expression_eQTLGen_whole_blood	FinnGen_R12_I9_MYOCARD	Finnish / European	p0p000001_r2_0p01_kb10000	rsID	rs10246398	7	17236657	NA	7	17197033	7:17197033:C:T	C	T	-0.0709667225831592	0.00988077949725843	6.8498e-13	51.58543329	0.0475691	0.0343392	0.165969	swapped	-0.670301491579497	0.483877495677797	0.165969599247512	0.511554325213278	0.19815586061817	1.32061613937658
AHR_expression_eQTLGen_whole_blood	FinnGen_R12_I9_MYOCARD	Finnish / European	p0p000001_r2_0p01_kb10000	rsID	rs10950642	7	17016646	NA	7	16977022	7:16977022:G:A	A	G	-0.0690909484188838	0.00824858208699559	5.4664e-17	70.15905121	-0.0102527	0.0332278	0.757658	aligned	0.148394257636182	0.480928410456126	0.757657854335202	1.15997013330527	0.451931153119797	2.97729134376266
AHR_expression_eQTLGen_whole_blood	FinnGen_R12_I9_MYOCARD	Finnish / European	p0p000001_r2_0p01_kb10000	rsID	rs112198319	7	17327900	NA	7	17288276	7:17288276:A:G	G	A	-0.179924082380617	0.0340584694443508	1.2722e-07	27.90797584	-0.207653	0.189729	0.27375	aligned	1.15411454238085	1.05449474850532	0.273748201548824	3.17121419821505	0.401440815596215	25.05126310095
AHR_expression_eQTLGen_whole_blood	FinnGen_R12_I9_MYOCARD	Finnish / European	p0p000001_r2_0p01_kb10000	rsID	rs17643734	7	17162882	NA	7	17123258	7:17123258:A:G	G	A	0.47750368044453	0.0164997816324993	3.7714e-184	837.5236	-0.00428581	0.0626635	0.945472	aligned	-0.00897544914420375	0.131231449235457	0.945471965167743	0.991064709960986	0.766294215499062	1.28176520122936
AHR_expression_eQTLGen_whole_blood	FinnGen_R12_I9_MYOCARD	Finnish / European	p0p000001_r2_0p01_kb10000	rsID	rs2188795	7	17306986	NA	7	17267362	7:17267362:C:T	C	T	0.120750893177359	0.00858203104272571	5.8069e-45	197.97052804	-0.0237387	0.0355642	0.504459	swapped	-0.196592334643294	0.294525357653159	0.504460054386199	0.821525472531649	0.461228343890984	1.46327542736157
AHR_expression_eQTLGen_whole_blood	FinnGen_R12_I9_MYOCARD	Finnish / European	p0p000001_r2_0p01_kb10000	rsID	rs518136	7	17081157	NA	7	17041533	7:17041533:G:A	A	G	-0.150674182972047	0.00815495350674626	3.1982e-76	341.37735696	0.0524734	0.0325057	0.106466	aligned	-0.348257405249941	0.215735034090282	0.106466048543867	0.705917146046822	0.462504925634006	1.07743504871822
AHR_expression_eQTLGen_whole_blood	FinnGen_R12_I9_MYOCARD	Finnish / European	p0p000001_r2_0p01_kb10000	rsID	rs6971769	7	16755789	NA	7	16716164	7:16716164:G:C	C	G	0.0679397162121434	0.0126422992579351	7.7009e-08	28.879876	0.0392843	0.0448515	0.381097	aligned	0.578222903924618	0.660166136990477	0.381098083400885	1.78286728741205	0.48884846523522	6.50225170083035
AHR_expression_eQTLGen_whole_blood	FinnGen_R12_I9_MYOCARD	Finnish / European	p0p000001_r2_0p01_kb10000	rsID	rs73073514	7	16821164	NA	7	16781539	7:16781539:A:G	G	A	0.121156066391615	0.0214030184238019	1.5084e-08	32.04352449	0.158863	0.121406	0.190694	aligned	1.31122612949899	1.00206290626486	0.190694703707859	3.71072074818493	0.520577156386581	26.4503509270101
AHR_expression_eQTLGen_whole_blood	Sakaue2021_BBJ_Myocarditis	East Asian / BBJ	p0p00001_r2_0p001_kb10000	rsID	rs143140455	7	17390187	NA	7	17390187	7:17390187:C:T	T	C	0.0867318986881076	0.0173020863964466	5.3644e-07	25.12816384	-0.290965546435551	1.73918529681211	0.867134073681467	aligned	-3.35476970799265	20.0524296495147	0.867134073681467	0.0349174104294539	2.97899187363973e-19	4092745475029740
AHR_expression_eQTLGen_whole_blood	Sakaue2021_BBJ_Myocarditis	East Asian / BBJ	p0p00001_r2_0p001_kb10000	rsID	rs518136	7	17081157	NA	7	17081157	7:17081157:G:A	A	G	-0.150674182972047	0.00815495350674626	3.1982e-76	341.37735696	-0.104861773111757	0.159652607130246	0.511301706921201	aligned	0.695950500897761	1.05958833810212	0.511301706921199	2.00561450662909	0.251366651750381	16.002478933425
AHR_expression_eQTLGen_whole_blood	Sakaue2021_EUR_Myocarditis	European	p0p00001_r2_0p001_kb10000	chr_pos	rs113521727	7	16999585	7:16999585:G:A	NA	NA	7:16999585:G:A	A	G	0.113635514402461	0.0177580463506526	1.564e-10	40.94848081	-0.0066	0.1411	0.9627	aligned	-0.0580804340500883	1.24168927946477	0.962692286021464	0.943574048902115	0.0827615728111244	10.7577944149686
AHR_expression_eQTLGen_whole_blood	Sakaue2021_EUR_Myocarditis	European	p0p00001_r2_0p001_kb10000	chr_pos	rs143140455	7	17390187	7:17390187:C:T	NA	NA	7:17390187:C:T	T	C	0.0867318986881076	0.0173020863964466	5.3644e-07	25.12816384	-0.0306	0.1149	0.7901	aligned	-0.352811370013231	1.32477210504968	0.789993897334179	0.702709733004014	0.0523729681423442	9.42854656464137
AHR_expression_eQTLGen_whole_blood	Sakaue2021_EUR_Myocarditis	European	p0p00001_r2_0p001_kb10000	chr_pos	rs17643734	7	17162882	7:17162882:A:G	NA	NA	7:17162882:A:G	G	A	0.47750368044453	0.0164997816324993	3.7714e-184	837.5236	0.1309	0.1154	0.2568	aligned	0.274134012701513	0.241673529914092	0.256662261313847	1.31539106953821	0.819102454461789	2.11237758646173
AHR_expression_eQTLGen_whole_blood	Sakaue2021_EUR_Myocarditis	European	p0p00001_r2_0p001_kb10000	chr_pos	rs518136	7	17081157	7:17081157:G:A	NA	NA	7:17081157:G:A	A	G	-0.150674182972047	0.00815495350674626	3.1982e-76	341.37735696	0.0511	0.0585	0.382	aligned	-0.339142373245721	0.388254967414377	0.382388277933143	0.712381017871113	0.332830439498698	1.52476052186648
AHR_expression_eQTLGen_whole_blood	FinnGen_R12_I9_MYOCARD	Finnish / European	p0p00001_r2_0p001_kb10000	rsID	rs113521727	7	16999585	NA	7	16959961	7:16959961:G:A	A	G	0.113635514402461	0.0177580463506526	1.564e-10	40.94848081	0.0740138	0.0851715	0.384849	aligned	0.651326307529762	0.749514801317742	0.384848630288837	1.91808311079004	0.441435791092793	8.33426490133564
AHR_expression_eQTLGen_whole_blood	FinnGen_R12_I9_MYOCARD	Finnish / European	p0p00001_r2_0p001_kb10000	rsID	rs143140455	7	17390187	NA	7	17350563	7:17350563:C:T	T	C	0.0867318986881076	0.0173020863964466	5.3644e-07	25.12816384	-0.0552992	0.0642607	0.389489	aligned	-0.637587794530577	0.740911947876119	0.389488895499814	0.528565897034067	0.12371494228101	2.25827133211469
AHR_expression_eQTLGen_whole_blood	FinnGen_R12_I9_MYOCARD	Finnish / European	p0p00001_r2_0p001_kb10000	rsID	rs17643734	7	17162882	NA	7	17123258	7:17123258:A:G	G	A	0.47750368044453	0.0164997816324993	3.7714e-184	837.5236	-0.00428581	0.0626635	0.945472	aligned	-0.00897544914420375	0.131231449235457	0.945471965167743	0.991064709960986	0.766294215499062	1.28176520122936
AHR_expression_eQTLGen_whole_blood	FinnGen_R12_I9_MYOCARD	Finnish / European	p0p00001_r2_0p001_kb10000	rsID	rs518136	7	17081157	NA	7	17041533	7:17041533:G:A	A	G	-0.150674182972047	0.00815495350674626	3.1982e-76	341.37735696	0.0524734	0.0325057	0.106466	aligned	-0.348257405249941	0.215735034090282	0.106466048543867	0.705917146046822	0.462504925634006	1.07743504871822
AHR_expression_eQTLGen_whole_blood	Sakaue2021_BBJ_Myocarditis	East Asian / BBJ	p0p00001_r2_0p01_kb10000	rsID	rs10246398	7	17236657	NA	7	17236657	7:17236657:C:T	C	T	-0.0709667225831592	0.00988077949725843	6.8498e-13	51.58543329	-0.855289679390633	0.408104289417535	0.036103261517874	swapped	12.0519822285494	5.75064304173433	0.0361032615178739	171438.902513549	2.18304756630328	13463425052.5383
AHR_expression_eQTLGen_whole_blood	Sakaue2021_BBJ_Myocarditis	East Asian / BBJ	p0p00001_r2_0p01_kb10000	rsID	rs10950642	7	17016646	NA	7	17016646	7:17016646:G:A	A	G	-0.0690909484188838	0.00824858208699559	5.4664e-17	70.15905121	-0.0100613294580726	0.150959776543124	0.946861076426573	aligned	0.145624422421775	2.1849428904621	0.946861076426573	1.15676165271493	0.015972869649517	83.773144748116
AHR_expression_eQTLGen_whole_blood	Sakaue2021_BBJ_Myocarditis	East Asian / BBJ	p0p00001_r2_0p01_kb10000	rsID	rs16871596	7	17524639	NA	7	17524639	7:17524639:C:A	A	C	0.0422690562870651	0.00881376543789671	1.6203e-06	22.99969764	0.0148387329596572	0.142975572628105	0.917339897430811	aligned	0.351054276179761	3.38251158618503	0.917339897430812	1.42056442662999	0.001875896814687	1075.75388710456
AHR_expression_eQTLGen_whole_blood	Sakaue2021_BBJ_Myocarditis	East Asian / BBJ	p0p00001_r2_0p01_kb10000	rsID	rs2188795	7	17306986	NA	7	17306986	7:17306986:C:T	C	T	0.120750893177359	0.00858203104272571	5.8069e-45	197.97052804	-0.179896436648878	0.153332296783952	0.240697345939571	swapped	-1.48981454227958	1.26982329280776	0.240697345939572	0.225414456514416	0.0187105415222612	2.71567111754812
AHR_expression_eQTLGen_whole_blood	Sakaue2021_BBJ_Myocarditis	East Asian / BBJ	p0p00001_r2_0p01_kb10000	rsID	rs518136	7	17081157	NA	7	17081157	7:17081157:G:A	A	G	-0.150674182972047	0.00815495350674626	3.1982e-76	341.37735696	-0.104861773111757	0.159652607130246	0.511301706921201	aligned	0.695950500897761	1.05958833810212	0.511301706921199	2.00561450662909	0.251366651750381	16.002478933425
AHR_expression_eQTLGen_whole_blood	Sakaue2021_EUR_Myocarditis	European	p0p00001_r2_0p01_kb10000	chr_pos	rs10246398	7	17236657	7:17236657:C:T	NA	NA	7:17236657:C:T	C	T	-0.0709667225831592	0.00988077949725843	6.8498e-13	51.58543329	0.0656	0.0635	0.3019	swapped	-0.924376913744742	0.894785579615719	0.301570736138364	0.396778569341967	0.0686896566171302	2.2919496302999
AHR_expression_eQTLGen_whole_blood	Sakaue2021_EUR_Myocarditis	European	p0p00001_r2_0p01_kb10000	chr_pos	rs10950642	7	17016646	7:17016646:G:A	NA	NA	7:17016646:G:A	A	G	-0.0690909484188838	0.00824858208699559	5.4664e-17	70.15905121	0.039	0.0594	0.5113	aligned	-0.564473362900611	0.859736352725546	0.511460237654821	0.568659545126862	0.105445967438665	3.06672399256982
AHR_expression_eQTLGen_whole_blood	Sakaue2021_EUR_Myocarditis	European	p0p00001_r2_0p01_kb10000	chr_pos	rs112198319	7	17327900	7:17327900:A:G	NA	NA	7:17327900:A:G	G	A	-0.179924082380617	0.0340584694443508	1.2722e-07	27.90797584	0.1238	0.2815	0.6602	aligned	-0.688067980461391	1.56454876009597	0.660091488221211	0.502546060551117	0.0234101977504853	10.7881422304607
AHR_expression_eQTLGen_whole_blood	Sakaue2021_EUR_Myocarditis	European	p0p00001_r2_0p01_kb10000	chr_pos	rs16871596	7	17524639	7:17524639:C:A	NA	NA	7:17524639:C:A	A	C	0.0422690562870651	0.00881376543789671	1.6203e-06	22.99969764	0.0091	0.0614	0.8825	aligned	0.215287512884093	1.45259926275641	0.882178248294086	1.24021842448661	0.0719483310333614	21.3784214080356
AHR_expression_eQTLGen_whole_blood	Sakaue2021_EUR_Myocarditis	European	p0p00001_r2_0p01_kb10000	chr_pos	rs17643734	7	17162882	7:17162882:A:G	NA	NA	7:17162882:A:G	G	A	0.47750368044453	0.0164997816324993	3.7714e-184	837.5236	0.1309	0.1154	0.2568	aligned	0.274134012701513	0.241673529914092	0.256662261313847	1.31539106953821	0.819102454461789	2.11237758646173
AHR_expression_eQTLGen_whole_blood	Sakaue2021_EUR_Myocarditis	European	p0p00001_r2_0p01_kb10000	chr_pos	rs2188795	7	17306986	7:17306986:C:T	NA	NA	7:17306986:C:T	C	T	0.120750893177359	0.00858203104272571	5.8069e-45	197.97052804	0.316	0.13	0.01506	swapped	2.61695786826073	1.07659659137308	0.0150668074948415	13.6940011990721	1.66001817178917	112.966033762192
AHR_expression_eQTLGen_whole_blood	Sakaue2021_EUR_Myocarditis	European	p0p00001_r2_0p01_kb10000	chr_pos	rs518136	7	17081157	7:17081157:G:A	NA	NA	7:17081157:G:A	A	G	-0.150674182972047	0.00815495350674626	3.1982e-76	341.37735696	0.0511	0.0585	0.382	aligned	-0.339142373245721	0.388254967414377	0.382388277933143	0.712381017871113	0.332830439498698	1.52476052186648
AHR_expression_eQTLGen_whole_blood	Sakaue2021_EUR_Myocarditis	European	p0p00001_r2_0p01_kb10000	chr_pos	rs6971769	7	16755789	7:16755789:G:C	NA	NA	7:16755789:G:C	C	G	0.0679397162121434	0.0126422992579351	7.7009e-08	28.879876	0.0276	0.0818	0.7358	aligned	0.406242497596227	1.20400856171635	0.735809118867978	1.50116653760038	0.14176078092362	15.8965050765719
AHR_expression_eQTLGen_whole_blood	Sakaue2021_EUR_Myocarditis	European	p0p00001_r2_0p01_kb10000	chr_pos	rs73073514	7	16821164	7:16821164:A:G	NA	NA	7:16821164:A:G	G	A	0.121156066391615	0.0214030184238019	1.5084e-08	32.04352449	0.0272	0.1976	0.8905	aligned	0.224503822302062	1.63095423848851	0.890515597399176	1.25170149572009	0.0511922827858783	30.6053285597981
AHR_expression_eQTLGen_whole_blood	FinnGen_R12_I9_MYOCARD	Finnish / European	p0p00001_r2_0p01_kb10000	rsID	rs10246398	7	17236657	NA	7	17197033	7:17197033:C:T	C	T	-0.0709667225831592	0.00988077949725843	6.8498e-13	51.58543329	0.0475691	0.0343392	0.165969	swapped	-0.670301491579497	0.483877495677797	0.165969599247512	0.511554325213278	0.19815586061817	1.32061613937658
AHR_expression_eQTLGen_whole_blood	FinnGen_R12_I9_MYOCARD	Finnish / European	p0p00001_r2_0p01_kb10000	rsID	rs10950642	7	17016646	NA	7	16977022	7:16977022:G:A	A	G	-0.0690909484188838	0.00824858208699559	5.4664e-17	70.15905121	-0.0102527	0.0332278	0.757658	aligned	0.148394257636182	0.480928410456126	0.757657854335202	1.15997013330527	0.451931153119797	2.97729134376266
AHR_expression_eQTLGen_whole_blood	FinnGen_R12_I9_MYOCARD	Finnish / European	p0p00001_r2_0p01_kb10000	rsID	rs112198319	7	17327900	NA	7	17288276	7:17288276:A:G	G	A	-0.179924082380617	0.0340584694443508	1.2722e-07	27.90797584	-0.207653	0.189729	0.27375	aligned	1.15411454238085	1.05449474850532	0.273748201548824	3.17121419821505	0.401440815596215	25.05126310095
AHR_expression_eQTLGen_whole_blood	FinnGen_R12_I9_MYOCARD	Finnish / European	p0p00001_r2_0p01_kb10000	rsID	rs16871596	7	17524639	NA	7	17485015	7:17485015:C:A	A	C	0.0422690562870651	0.00881376543789671	1.6203e-06	22.99969764	-0.0126376	0.0342684	0.712289	aligned	-0.298979942068574	0.810720725990909	0.712289550000811	0.741574283731967	0.151375380269332	3.63290528033108
AHR_expression_eQTLGen_whole_blood	FinnGen_R12_I9_MYOCARD	Finnish / European	p0p00001_r2_0p01_kb10000	rsID	rs17643734	7	17162882	NA	7	17123258	7:17123258:A:G	G	A	0.47750368044453	0.0164997816324993	3.7714e-184	837.5236	-0.00428581	0.0626635	0.945472	aligned	-0.00897544914420375	0.131231449235457	0.945471965167743	0.991064709960986	0.766294215499062	1.28176520122936
AHR_expression_eQTLGen_whole_blood	FinnGen_R12_I9_MYOCARD	Finnish / European	p0p00001_r2_0p01_kb10000	rsID	rs2188795	7	17306986	NA	7	17267362	7:17267362:C:T	C	T	0.120750893177359	0.00858203104272571	5.8069e-45	197.97052804	-0.0237387	0.0355642	0.504459	swapped	-0.196592334643294	0.294525357653159	0.504460054386199	0.821525472531649	0.461228343890984	1.46327542736157
AHR_expression_eQTLGen_whole_blood	FinnGen_R12_I9_MYOCARD	Finnish / European	p0p00001_r2_0p01_kb10000	rsID	rs518136	7	17081157	NA	7	17041533	7:17041533:G:A	A	G	-0.150674182972047	0.00815495350674626	3.1982e-76	341.37735696	0.0524734	0.0325057	0.106466	aligned	-0.348257405249941	0.215735034090282	0.106466048543867	0.705917146046822	0.462504925634006	1.07743504871822
AHR_expression_eQTLGen_whole_blood	FinnGen_R12_I9_MYOCARD	Finnish / European	p0p00001_r2_0p01_kb10000	rsID	rs6971769	7	16755789	NA	7	16716164	7:16716164:G:C	C	G	0.0679397162121434	0.0126422992579351	7.7009e-08	28.879876	0.0392843	0.0448515	0.381097	aligned	0.578222903924618	0.660166136990477	0.381098083400885	1.78286728741205	0.48884846523522	6.50225170083035
AHR_expression_eQTLGen_whole_blood	FinnGen_R12_I9_MYOCARD	Finnish / European	p0p00001_r2_0p01_kb10000	rsID	rs73073514	7	16821164	NA	7	16781539	7:16781539:A:G	G	A	0.121156066391615	0.0214030184238019	1.5084e-08	32.04352449	0.158863	0.121406	0.190694	aligned	1.31122612949899	1.00206290626486	0.190694703707859	3.71072074818493	0.520577156386581	26.4503509270101
