exposure	outcome_dataset	outcome_population	instrument_setting	exp_SNP	chr	pos	effect_allele	other_allele	beta_exposure	se_exposure	pval_exposure	f_stat	outcome_SNP	outcome_variant_id	beta_outcome_aligned	se_outcome	pval_outcome	allele_match	ratio	ratio_se	ratio_pval	ratio_or	ratio_or_lci95	ratio_or_uci95
AHR_expression_eQTLGen_whole_blood	Sakaue2021_BBJ_Myocarditis	East Asian / BBJ	p0p00000005_r2_0p001_kb10000	rs518136	7	17081157	A	G	-0.150674182972047	0.00815495350674626	3.1982e-76	341.37735696	rs518136	7:17081157:G:A	-0.104861773111757	0.159652607130246	0.511301706921201	aligned	0.695950500897761	1.05958833810212	0.511301706921199	2.00561450662909	0.251366651750381	16.002478933425
AHR_expression_eQTLGen_whole_blood	Sakaue2021_EUR_Myocarditis	European	p0p00000005_r2_0p001_kb10000	rs113521727	7	16999585	A	G	0.113635514402461	0.0177580463506526	1.564e-10	40.94848081	7:16999585:G:A	7:16999585:G:A	-0.0066	0.1411	0.9627	aligned	-0.0580804340500883	1.24168927946477	0.962692286021464	0.943574048902115	0.0827615728111244	10.7577944149686
AHR_expression_eQTLGen_whole_blood	Sakaue2021_EUR_Myocarditis	European	p0p00000005_r2_0p001_kb10000	rs17643734	7	17162882	G	A	0.47750368044453	0.0164997816324993	3.7714e-184	837.5236	7:17162882:A:G	7:17162882:A:G	0.1309	0.1154	0.2568	aligned	0.274134012701513	0.241673529914092	0.256662261313847	1.31539106953821	0.819102454461789	2.11237758646173
AHR_expression_eQTLGen_whole_blood	Sakaue2021_EUR_Myocarditis	European	p0p00000005_r2_0p001_kb10000	rs518136	7	17081157	A	G	-0.150674182972047	0.00815495350674626	3.1982e-76	341.37735696	7:17081157:G:A	7:17081157:G:A	0.0511	0.0585	0.382	aligned	-0.339142373245721	0.388254967414377	0.382388277933143	0.712381017871113	0.332830439498698	1.52476052186648
AHR_expression_eQTLGen_whole_blood	Sakaue2021_BBJ_Myocarditis	East Asian / BBJ	p0p00000005_r2_0p01_kb10000	rs10246398	7	17236657	C	T	-0.0709667225831592	0.00988077949725843	6.8498e-13	51.58543329	rs10246398	7:17236657:C:T	-0.855289679390633	0.408104289417535	0.036103261517874	swapped	12.0519822285494	5.75064304173433	0.0361032615178739	171438.902513549	2.18304756630328	13463425052.5383
AHR_expression_eQTLGen_whole_blood	Sakaue2021_BBJ_Myocarditis	East Asian / BBJ	p0p00000005_r2_0p01_kb10000	rs10950642	7	17016646	A	G	-0.0690909484188838	0.00824858208699559	5.4664e-17	70.15905121	rs10950642	7:17016646:G:A	-0.0100613294580726	0.150959776543124	0.946861076426573	aligned	0.145624422421775	2.1849428904621	0.946861076426573	1.15676165271493	0.015972869649517	83.773144748116
AHR_expression_eQTLGen_whole_blood	Sakaue2021_BBJ_Myocarditis	East Asian / BBJ	p0p00000005_r2_0p01_kb10000	rs2188795	7	17306986	C	T	0.120750893177359	0.00858203104272571	5.8069e-45	197.97052804	rs2188795	7:17306986:C:T	-0.179896436648878	0.153332296783952	0.240697345939571	swapped	-1.48981454227958	1.26982329280776	0.240697345939572	0.225414456514416	0.0187105415222612	2.71567111754812
AHR_expression_eQTLGen_whole_blood	Sakaue2021_BBJ_Myocarditis	East Asian / BBJ	p0p00000005_r2_0p01_kb10000	rs518136	7	17081157	A	G	-0.150674182972047	0.00815495350674626	3.1982e-76	341.37735696	rs518136	7:17081157:G:A	-0.104861773111757	0.159652607130246	0.511301706921201	aligned	0.695950500897761	1.05958833810212	0.511301706921199	2.00561450662909	0.251366651750381	16.002478933425
AHR_expression_eQTLGen_whole_blood	Sakaue2021_EUR_Myocarditis	European	p0p00000005_r2_0p01_kb10000	rs10246398	7	17236657	C	T	-0.0709667225831592	0.00988077949725843	6.8498e-13	51.58543329	7:17236657:C:T	7:17236657:C:T	0.0656	0.0635	0.3019	swapped	-0.924376913744742	0.894785579615719	0.301570736138364	0.396778569341967	0.0686896566171302	2.2919496302999
AHR_expression_eQTLGen_whole_blood	Sakaue2021_EUR_Myocarditis	European	p0p00000005_r2_0p01_kb10000	rs10950642	7	17016646	A	G	-0.0690909484188838	0.00824858208699559	5.4664e-17	70.15905121	7:17016646:G:A	7:17016646:G:A	0.039	0.0594	0.5113	aligned	-0.564473362900611	0.859736352725546	0.511460237654821	0.568659545126862	0.105445967438665	3.06672399256982
AHR_expression_eQTLGen_whole_blood	Sakaue2021_EUR_Myocarditis	European	p0p00000005_r2_0p01_kb10000	rs17643734	7	17162882	G	A	0.47750368044453	0.0164997816324993	3.7714e-184	837.5236	7:17162882:A:G	7:17162882:A:G	0.1309	0.1154	0.2568	aligned	0.274134012701513	0.241673529914092	0.256662261313847	1.31539106953821	0.819102454461789	2.11237758646173
AHR_expression_eQTLGen_whole_blood	Sakaue2021_EUR_Myocarditis	European	p0p00000005_r2_0p01_kb10000	rs2188795	7	17306986	C	T	0.120750893177359	0.00858203104272571	5.8069e-45	197.97052804	7:17306986:C:T	7:17306986:C:T	0.316	0.13	0.01506	swapped	2.61695786826073	1.07659659137308	0.0150668074948415	13.6940011990721	1.66001817178917	112.966033762192
AHR_expression_eQTLGen_whole_blood	Sakaue2021_EUR_Myocarditis	European	p0p00000005_r2_0p01_kb10000	rs518136	7	17081157	A	G	-0.150674182972047	0.00815495350674626	3.1982e-76	341.37735696	7:17081157:G:A	7:17081157:G:A	0.0511	0.0585	0.382	aligned	-0.339142373245721	0.388254967414377	0.382388277933143	0.712381017871113	0.332830439498698	1.52476052186648
AHR_expression_eQTLGen_whole_blood	Sakaue2021_EUR_Myocarditis	European	p0p00000005_r2_0p01_kb10000	rs73073514	7	16821164	G	A	0.121156066391615	0.0214030184238019	1.5084e-08	32.04352449	7:16821164:A:G	7:16821164:A:G	0.0272	0.1976	0.8905	aligned	0.224503822302062	1.63095423848851	0.890515597399176	1.25170149572009	0.0511922827858783	30.6053285597981
AHR_expression_eQTLGen_whole_blood	Sakaue2021_BBJ_Myocarditis	East Asian / BBJ	p0p000001_r2_0p001_kb10000	rs143140455	7	17390187	T	C	0.0867318986881076	0.0173020863964466	5.3644e-07	25.12816384	rs143140455	7:17390187:C:T	-0.290965546435551	1.73918529681211	0.867134073681467	aligned	-3.35476970799265	20.0524296495147	0.867134073681467	0.0349174104294539	2.97899187363973e-19	4092745475029740
AHR_expression_eQTLGen_whole_blood	Sakaue2021_BBJ_Myocarditis	East Asian / BBJ	p0p000001_r2_0p001_kb10000	rs518136	7	17081157	A	G	-0.150674182972047	0.00815495350674626	3.1982e-76	341.37735696	rs518136	7:17081157:G:A	-0.104861773111757	0.159652607130246	0.511301706921201	aligned	0.695950500897761	1.05958833810212	0.511301706921199	2.00561450662909	0.251366651750381	16.002478933425
AHR_expression_eQTLGen_whole_blood	Sakaue2021_EUR_Myocarditis	European	p0p000001_r2_0p001_kb10000	rs113521727	7	16999585	A	G	0.113635514402461	0.0177580463506526	1.564e-10	40.94848081	7:16999585:G:A	7:16999585:G:A	-0.0066	0.1411	0.9627	aligned	-0.0580804340500883	1.24168927946477	0.962692286021464	0.943574048902115	0.0827615728111244	10.7577944149686
AHR_expression_eQTLGen_whole_blood	Sakaue2021_EUR_Myocarditis	European	p0p000001_r2_0p001_kb10000	rs143140455	7	17390187	T	C	0.0867318986881076	0.0173020863964466	5.3644e-07	25.12816384	7:17390187:C:T	7:17390187:C:T	-0.0306	0.1149	0.7901	aligned	-0.352811370013231	1.32477210504968	0.789993897334179	0.702709733004014	0.0523729681423442	9.42854656464137
AHR_expression_eQTLGen_whole_blood	Sakaue2021_EUR_Myocarditis	European	p0p000001_r2_0p001_kb10000	rs17643734	7	17162882	G	A	0.47750368044453	0.0164997816324993	3.7714e-184	837.5236	7:17162882:A:G	7:17162882:A:G	0.1309	0.1154	0.2568	aligned	0.274134012701513	0.241673529914092	0.256662261313847	1.31539106953821	0.819102454461789	2.11237758646173
AHR_expression_eQTLGen_whole_blood	Sakaue2021_EUR_Myocarditis	European	p0p000001_r2_0p001_kb10000	rs518136	7	17081157	A	G	-0.150674182972047	0.00815495350674626	3.1982e-76	341.37735696	7:17081157:G:A	7:17081157:G:A	0.0511	0.0585	0.382	aligned	-0.339142373245721	0.388254967414377	0.382388277933143	0.712381017871113	0.332830439498698	1.52476052186648
AHR_expression_eQTLGen_whole_blood	Sakaue2021_BBJ_Myocarditis	East Asian / BBJ	p0p000001_r2_0p01_kb10000	rs10246398	7	17236657	C	T	-0.0709667225831592	0.00988077949725843	6.8498e-13	51.58543329	rs10246398	7:17236657:C:T	-0.855289679390633	0.408104289417535	0.036103261517874	swapped	12.0519822285494	5.75064304173433	0.0361032615178739	171438.902513549	2.18304756630328	13463425052.5383
AHR_expression_eQTLGen_whole_blood	Sakaue2021_BBJ_Myocarditis	East Asian / BBJ	p0p000001_r2_0p01_kb10000	rs10950642	7	17016646	A	G	-0.0690909484188838	0.00824858208699559	5.4664e-17	70.15905121	rs10950642	7:17016646:G:A	-0.0100613294580726	0.150959776543124	0.946861076426573	aligned	0.145624422421775	2.1849428904621	0.946861076426573	1.15676165271493	0.015972869649517	83.773144748116
AHR_expression_eQTLGen_whole_blood	Sakaue2021_BBJ_Myocarditis	East Asian / BBJ	p0p000001_r2_0p01_kb10000	rs2188795	7	17306986	C	T	0.120750893177359	0.00858203104272571	5.8069e-45	197.97052804	rs2188795	7:17306986:C:T	-0.179896436648878	0.153332296783952	0.240697345939571	swapped	-1.48981454227958	1.26982329280776	0.240697345939572	0.225414456514416	0.0187105415222612	2.71567111754812
AHR_expression_eQTLGen_whole_blood	Sakaue2021_BBJ_Myocarditis	East Asian / BBJ	p0p000001_r2_0p01_kb10000	rs518136	7	17081157	A	G	-0.150674182972047	0.00815495350674626	3.1982e-76	341.37735696	rs518136	7:17081157:G:A	-0.104861773111757	0.159652607130246	0.511301706921201	aligned	0.695950500897761	1.05958833810212	0.511301706921199	2.00561450662909	0.251366651750381	16.002478933425
AHR_expression_eQTLGen_whole_blood	Sakaue2021_EUR_Myocarditis	European	p0p000001_r2_0p01_kb10000	rs10246398	7	17236657	C	T	-0.0709667225831592	0.00988077949725843	6.8498e-13	51.58543329	7:17236657:C:T	7:17236657:C:T	0.0656	0.0635	0.3019	swapped	-0.924376913744742	0.894785579615719	0.301570736138364	0.396778569341967	0.0686896566171302	2.2919496302999
AHR_expression_eQTLGen_whole_blood	Sakaue2021_EUR_Myocarditis	European	p0p000001_r2_0p01_kb10000	rs10950642	7	17016646	A	G	-0.0690909484188838	0.00824858208699559	5.4664e-17	70.15905121	7:17016646:G:A	7:17016646:G:A	0.039	0.0594	0.5113	aligned	-0.564473362900611	0.859736352725546	0.511460237654821	0.568659545126862	0.105445967438665	3.06672399256982
AHR_expression_eQTLGen_whole_blood	Sakaue2021_EUR_Myocarditis	European	p0p000001_r2_0p01_kb10000	rs112198319	7	17327900	G	A	-0.179924082380617	0.0340584694443508	1.2722e-07	27.90797584	7:17327900:A:G	7:17327900:A:G	0.1238	0.2815	0.6602	aligned	-0.688067980461391	1.56454876009597	0.660091488221211	0.502546060551117	0.0234101977504853	10.7881422304607
AHR_expression_eQTLGen_whole_blood	Sakaue2021_EUR_Myocarditis	European	p0p000001_r2_0p01_kb10000	rs17643734	7	17162882	G	A	0.47750368044453	0.0164997816324993	3.7714e-184	837.5236	7:17162882:A:G	7:17162882:A:G	0.1309	0.1154	0.2568	aligned	0.274134012701513	0.241673529914092	0.256662261313847	1.31539106953821	0.819102454461789	2.11237758646173
AHR_expression_eQTLGen_whole_blood	Sakaue2021_EUR_Myocarditis	European	p0p000001_r2_0p01_kb10000	rs2188795	7	17306986	C	T	0.120750893177359	0.00858203104272571	5.8069e-45	197.97052804	7:17306986:C:T	7:17306986:C:T	0.316	0.13	0.01506	swapped	2.61695786826073	1.07659659137308	0.0150668074948415	13.6940011990721	1.66001817178917	112.966033762192
AHR_expression_eQTLGen_whole_blood	Sakaue2021_EUR_Myocarditis	European	p0p000001_r2_0p01_kb10000	rs518136	7	17081157	A	G	-0.150674182972047	0.00815495350674626	3.1982e-76	341.37735696	7:17081157:G:A	7:17081157:G:A	0.0511	0.0585	0.382	aligned	-0.339142373245721	0.388254967414377	0.382388277933143	0.712381017871113	0.332830439498698	1.52476052186648
AHR_expression_eQTLGen_whole_blood	Sakaue2021_EUR_Myocarditis	European	p0p000001_r2_0p01_kb10000	rs6971769	7	16755789	C	G	0.0679397162121434	0.0126422992579351	7.7009e-08	28.879876	7:16755789:G:C	7:16755789:G:C	0.0276	0.0818	0.7358	aligned	0.406242497596227	1.20400856171635	0.735809118867978	1.50116653760038	0.14176078092362	15.8965050765719
AHR_expression_eQTLGen_whole_blood	Sakaue2021_EUR_Myocarditis	European	p0p000001_r2_0p01_kb10000	rs73073514	7	16821164	G	A	0.121156066391615	0.0214030184238019	1.5084e-08	32.04352449	7:16821164:A:G	7:16821164:A:G	0.0272	0.1976	0.8905	aligned	0.224503822302062	1.63095423848851	0.890515597399176	1.25170149572009	0.0511922827858783	30.6053285597981
AHR_expression_eQTLGen_whole_blood	Sakaue2021_BBJ_Myocarditis	East Asian / BBJ	p0p00001_r2_0p001_kb10000	rs143140455	7	17390187	T	C	0.0867318986881076	0.0173020863964466	5.3644e-07	25.12816384	rs143140455	7:17390187:C:T	-0.290965546435551	1.73918529681211	0.867134073681467	aligned	-3.35476970799265	20.0524296495147	0.867134073681467	0.0349174104294539	2.97899187363973e-19	4092745475029740
AHR_expression_eQTLGen_whole_blood	Sakaue2021_BBJ_Myocarditis	East Asian / BBJ	p0p00001_r2_0p001_kb10000	rs518136	7	17081157	A	G	-0.150674182972047	0.00815495350674626	3.1982e-76	341.37735696	rs518136	7:17081157:G:A	-0.104861773111757	0.159652607130246	0.511301706921201	aligned	0.695950500897761	1.05958833810212	0.511301706921199	2.00561450662909	0.251366651750381	16.002478933425
AHR_expression_eQTLGen_whole_blood	Sakaue2021_EUR_Myocarditis	European	p0p00001_r2_0p001_kb10000	rs113521727	7	16999585	A	G	0.113635514402461	0.0177580463506526	1.564e-10	40.94848081	7:16999585:G:A	7:16999585:G:A	-0.0066	0.1411	0.9627	aligned	-0.0580804340500883	1.24168927946477	0.962692286021464	0.943574048902115	0.0827615728111244	10.7577944149686
AHR_expression_eQTLGen_whole_blood	Sakaue2021_EUR_Myocarditis	European	p0p00001_r2_0p001_kb10000	rs143140455	7	17390187	T	C	0.0867318986881076	0.0173020863964466	5.3644e-07	25.12816384	7:17390187:C:T	7:17390187:C:T	-0.0306	0.1149	0.7901	aligned	-0.352811370013231	1.32477210504968	0.789993897334179	0.702709733004014	0.0523729681423442	9.42854656464137
AHR_expression_eQTLGen_whole_blood	Sakaue2021_EUR_Myocarditis	European	p0p00001_r2_0p001_kb10000	rs17643734	7	17162882	G	A	0.47750368044453	0.0164997816324993	3.7714e-184	837.5236	7:17162882:A:G	7:17162882:A:G	0.1309	0.1154	0.2568	aligned	0.274134012701513	0.241673529914092	0.256662261313847	1.31539106953821	0.819102454461789	2.11237758646173
AHR_expression_eQTLGen_whole_blood	Sakaue2021_EUR_Myocarditis	European	p0p00001_r2_0p001_kb10000	rs518136	7	17081157	A	G	-0.150674182972047	0.00815495350674626	3.1982e-76	341.37735696	7:17081157:G:A	7:17081157:G:A	0.0511	0.0585	0.382	aligned	-0.339142373245721	0.388254967414377	0.382388277933143	0.712381017871113	0.332830439498698	1.52476052186648
AHR_expression_eQTLGen_whole_blood	Sakaue2021_BBJ_Myocarditis	East Asian / BBJ	p0p00001_r2_0p01_kb10000	rs10246398	7	17236657	C	T	-0.0709667225831592	0.00988077949725843	6.8498e-13	51.58543329	rs10246398	7:17236657:C:T	-0.855289679390633	0.408104289417535	0.036103261517874	swapped	12.0519822285494	5.75064304173433	0.0361032615178739	171438.902513549	2.18304756630328	13463425052.5383
AHR_expression_eQTLGen_whole_blood	Sakaue2021_BBJ_Myocarditis	East Asian / BBJ	p0p00001_r2_0p01_kb10000	rs10950642	7	17016646	A	G	-0.0690909484188838	0.00824858208699559	5.4664e-17	70.15905121	rs10950642	7:17016646:G:A	-0.0100613294580726	0.150959776543124	0.946861076426573	aligned	0.145624422421775	2.1849428904621	0.946861076426573	1.15676165271493	0.015972869649517	83.773144748116
AHR_expression_eQTLGen_whole_blood	Sakaue2021_BBJ_Myocarditis	East Asian / BBJ	p0p00001_r2_0p01_kb10000	rs16871596	7	17524639	A	C	0.0422690562870651	0.00881376543789671	1.6203e-06	22.99969764	rs16871596	7:17524639:C:A	0.0148387329596572	0.142975572628105	0.917339897430811	aligned	0.351054276179761	3.38251158618503	0.917339897430812	1.42056442662999	0.001875896814687	1075.75388710456
AHR_expression_eQTLGen_whole_blood	Sakaue2021_BBJ_Myocarditis	East Asian / BBJ	p0p00001_r2_0p01_kb10000	rs2188795	7	17306986	C	T	0.120750893177359	0.00858203104272571	5.8069e-45	197.97052804	rs2188795	7:17306986:C:T	-0.179896436648878	0.153332296783952	0.240697345939571	swapped	-1.48981454227958	1.26982329280776	0.240697345939572	0.225414456514416	0.0187105415222612	2.71567111754812
AHR_expression_eQTLGen_whole_blood	Sakaue2021_BBJ_Myocarditis	East Asian / BBJ	p0p00001_r2_0p01_kb10000	rs518136	7	17081157	A	G	-0.150674182972047	0.00815495350674626	3.1982e-76	341.37735696	rs518136	7:17081157:G:A	-0.104861773111757	0.159652607130246	0.511301706921201	aligned	0.695950500897761	1.05958833810212	0.511301706921199	2.00561450662909	0.251366651750381	16.002478933425
AHR_expression_eQTLGen_whole_blood	Sakaue2021_EUR_Myocarditis	European	p0p00001_r2_0p01_kb10000	rs10246398	7	17236657	C	T	-0.0709667225831592	0.00988077949725843	6.8498e-13	51.58543329	7:17236657:C:T	7:17236657:C:T	0.0656	0.0635	0.3019	swapped	-0.924376913744742	0.894785579615719	0.301570736138364	0.396778569341967	0.0686896566171302	2.2919496302999
AHR_expression_eQTLGen_whole_blood	Sakaue2021_EUR_Myocarditis	European	p0p00001_r2_0p01_kb10000	rs10950642	7	17016646	A	G	-0.0690909484188838	0.00824858208699559	5.4664e-17	70.15905121	7:17016646:G:A	7:17016646:G:A	0.039	0.0594	0.5113	aligned	-0.564473362900611	0.859736352725546	0.511460237654821	0.568659545126862	0.105445967438665	3.06672399256982
AHR_expression_eQTLGen_whole_blood	Sakaue2021_EUR_Myocarditis	European	p0p00001_r2_0p01_kb10000	rs112198319	7	17327900	G	A	-0.179924082380617	0.0340584694443508	1.2722e-07	27.90797584	7:17327900:A:G	7:17327900:A:G	0.1238	0.2815	0.6602	aligned	-0.688067980461391	1.56454876009597	0.660091488221211	0.502546060551117	0.0234101977504853	10.7881422304607
AHR_expression_eQTLGen_whole_blood	Sakaue2021_EUR_Myocarditis	European	p0p00001_r2_0p01_kb10000	rs16871596	7	17524639	A	C	0.0422690562870651	0.00881376543789671	1.6203e-06	22.99969764	7:17524639:C:A	7:17524639:C:A	0.0091	0.0614	0.8825	aligned	0.215287512884093	1.45259926275641	0.882178248294086	1.24021842448661	0.0719483310333614	21.3784214080356
AHR_expression_eQTLGen_whole_blood	Sakaue2021_EUR_Myocarditis	European	p0p00001_r2_0p01_kb10000	rs17643734	7	17162882	G	A	0.47750368044453	0.0164997816324993	3.7714e-184	837.5236	7:17162882:A:G	7:17162882:A:G	0.1309	0.1154	0.2568	aligned	0.274134012701513	0.241673529914092	0.256662261313847	1.31539106953821	0.819102454461789	2.11237758646173
AHR_expression_eQTLGen_whole_blood	Sakaue2021_EUR_Myocarditis	European	p0p00001_r2_0p01_kb10000	rs2188795	7	17306986	C	T	0.120750893177359	0.00858203104272571	5.8069e-45	197.97052804	7:17306986:C:T	7:17306986:C:T	0.316	0.13	0.01506	swapped	2.61695786826073	1.07659659137308	0.0150668074948415	13.6940011990721	1.66001817178917	112.966033762192
AHR_expression_eQTLGen_whole_blood	Sakaue2021_EUR_Myocarditis	European	p0p00001_r2_0p01_kb10000	rs518136	7	17081157	A	G	-0.150674182972047	0.00815495350674626	3.1982e-76	341.37735696	7:17081157:G:A	7:17081157:G:A	0.0511	0.0585	0.382	aligned	-0.339142373245721	0.388254967414377	0.382388277933143	0.712381017871113	0.332830439498698	1.52476052186648
AHR_expression_eQTLGen_whole_blood	Sakaue2021_EUR_Myocarditis	European	p0p00001_r2_0p01_kb10000	rs6971769	7	16755789	C	G	0.0679397162121434	0.0126422992579351	7.7009e-08	28.879876	7:16755789:G:C	7:16755789:G:C	0.0276	0.0818	0.7358	aligned	0.406242497596227	1.20400856171635	0.735809118867978	1.50116653760038	0.14176078092362	15.8965050765719
AHR_expression_eQTLGen_whole_blood	Sakaue2021_EUR_Myocarditis	European	p0p00001_r2_0p01_kb10000	rs73073514	7	16821164	G	A	0.121156066391615	0.0214030184238019	1.5084e-08	32.04352449	7:16821164:A:G	7:16821164:A:G	0.0272	0.1976	0.8905	aligned	0.224503822302062	1.63095423848851	0.890515597399176	1.25170149572009	0.0511922827858783	30.6053285597981
