SNP	chrom	pos	ref	alt	pval	beta	sebeta	af_alt	rsids	locus	match_source	match_rank
rs10216901	8	39947074	C	T	0.391203	-0.0312358	0.0364292	0.379971	rs10216901	8:39947074	locus_allele	1
rs10240723	7	97981884	C	T	0.0341633	0.0761761	0.0359638	0.42659	rs10240723	7:97981884	locus_allele	1
rs1047891	2	210675783	C	A	0.290799	-0.0401956	0.0380506	0.322937	rs1047891	2:210675783	locus_allele	1
rs10774021	12	240132	C	T	0.0185815	-0.0896955	0.0381063	0.684435	rs10774021	12:240132	locus_allele	1
rs1115784	8	18397900	A	G	0.0304761	-0.0814124	0.037624	0.327702	rs1115784	8:18397900	locus_allele	1
rs1171615	10	59709332	C	T	0.806743	0.0117693	0.0481105	0.840344	rs1171615	10:59709332	locus_allele	1
rs12545528	8	18414438	G	T	0.913918	0.00399304	0.0369389	0.356018	rs12545528	8:18414438	locus_allele	1
rs139097404	15	43641743	T	C	0.281749	-0.28135	0.261381	0.00469198	rs139097404	15:43641743	locus_allele	1
rs1510303	7	97744357	G	A	0.327101	0.0347414	0.0354515	0.53858	rs1510303	7:97744357	locus_allele	1
rs1620646	7	97996146	C	A	0.0876032	-0.098435	0.0576258	0.10896	rs1620646	7:97996146	locus_allele	1
rs17243908	11	27095194	A	C	0.723994	-0.0390191	0.110497	0.025808	rs17243908	11:27095194	locus_allele	1
rs174560	11	61814292	T	C	0.27184	-0.0397606	0.0361843	0.388804	rs174560	11:61814292	locus_allele	1
rs2072536	12	204273	C	T	0.275048	-0.0399189	0.0365721	0.385035	rs2072536	12:204273	locus_allele	1
rs2169387	8	9323885	A	G	0.618991	0.0249785	0.0502301	0.854568	rs2169387	8:9323885	locus_allele	1
rs2255531	12	120977112	G	A	0.578282	0.0202603	0.0364463	0.393297	rs2255531	12:120977112	locus_allele	1
rs2282377	14	104105483	C	G	0.408671	0.0447481	0.054159	0.121032	rs2282377	14:104105483	locus_allele	1
rs3184504	12	111446804	T	C	0.178608	-0.0486015	0.0361335	0.596136	rs3184504	12:111446804	locus_allele	1
rs35853021	15	58388444	G	T	0.0476431	0.0715595	0.0361313	0.399544	rs35853021	15:58388444	locus_allele	1
rs438811	19	44913484	C	T	0.645473	-0.0191557	0.0416375	0.238337	rs438811	19:44913484	locus_allele	1
rs4843270	16	87844466	C	A	0.0477617	0.0830729	0.0419669	0.229085	rs4843270	16:87844466	locus_allele	1
rs61825638	1	241550102	C	T	0.0202446	0.0969469	0.0417554	0.235566	rs61825638	1:241550102	locus_allele	1
rs633695	15	58433640	A	G	0.930287	-0.00336696	0.0384864	0.304332	rs633695	15:58433640	locus_allele	1
rs6540080	16	87784963	G	A	0.469511	0.0268323	0.0370984	0.354279	rs6540080	16:87784963	locus_allele	1
rs77692382	1	39941043	C	T	0.1064	0.0714519	0.044254	0.200319	rs77692382	1:39941043	locus_allele	1
rs780093	2	27519736	T	C	0.178082	-0.0500351	0.0371543	0.647936	rs780093	2:27519736	locus_allele	1
rs7836592	8	18157388	C	T	0.649931	0.0161269	0.0355329	0.545486	rs7836592	8:18157388	locus_allele	1
rs971770	8	18360305	T	C	0.0301953	0.118462	0.0546535	0.881934	rs971770	8:18360305	locus_allele	1
