SNP	P
rs10240723	1.19812e-60
rs12113507	6.66317e-59
rs58685806	2.72103e-58
rs56141833	3.00776e-58
rs56115498	3.00776e-58
rs57159734	3.06309e-58
rs12113515	3.29873e-58
rs17169233	3.3354e-58
rs139075111	3.3354e-58
rs12112314	3.4194e-58
rs17169231	3.46691e-58
rs55665892	3.60673e-58
rs62476919	3.60673e-58
rs56111262	3.68946e-58
rs10953237	5.04825e-58
rs55755731	5.06365e-58
rs59394213	5.35488e-58
rs55735507	6.28144e-58
rs56117717	6.30189e-58
rs61496297	6.4898e-58
rs62476920	1.09068e-57
rs62476921	1.31642e-57
rs56941890	1.83576e-57
rs62476922	3.20774e-57
rs146276859	1.26606e-56
rs75846393	1.62445e-56
rs16869436	2.13606e-56
rs73140974	7.56021e-54
rs59636294	1.20471e-53
rs6974466	1.56719e-53
rs6956718	1.61574e-53
rs12113169	1.61574e-53
rs12111956	1.62568e-53
rs12113148	1.89135e-53
rs6974666	2.39127e-53
rs10269165	4.22491e-53
rs67547011	5.52145e-53
rs7778865	5.9285e-53
rs62476868	6.12151e-53
rs62476871	6.39495e-53
rs62476872	6.39495e-53
rs11980658	6.39495e-53
rs62476870	6.9165e-53
rs11973101	6.98672e-53
rs7799764	1.14489e-52
rs6465642	1.15873e-52
rs6970432	1.24148e-52
rs34545484	2.23336e-52
rs11982759	3.882e-51
rs11982770	4.44925e-51
rs11982005	4.56949e-51
rs7784048	4.64661e-51
rs55718918	4.95442e-51
rs34017859	5.41554e-51
rs13231762	6.23397e-51
rs12155384	6.27298e-51
rs3957046	6.88167e-51
rs6978176	7.95653e-51
rs9692345	8.18096e-51
rs7809785	8.18096e-51
rs2894158	8.18096e-51
rs6977841	8.18096e-51
rs12672241	8.18096e-51
rs55840086	8.18096e-51
rs6960049	8.92478e-51
rs7794918	9.35369e-51
rs6978174	1.46086e-50
rs11971168	1.53023e-50
rs7776611	1.94117e-50
rs12672251	2.182e-50
rs12534685	2.31446e-50
rs12154736	2.32568e-50
rs2394815	4.05846e-50
rs36017699	4.40371e-50
rs12532259	4.61522e-50
rs2894157	1.29353e-49
rs56849186	2.85298e-49
rs7784883	3.22382e-49
rs11983172	5.13001e-49
rs7794912	5.56638e-49
rs72615155	1.46532e-48
rs4727378	4.64241e-48
rs11771498	5.63642e-48
rs7776563	1.75024e-47
rs560209552	2.23205e-47
rs6972495	3.69208e-47
rs34192681	3.69208e-47
rs2394814	4.03171e-47
rs7779883	5.28241e-47
rs11977507	5.40158e-47
rs758124608	7.44337e-47
rs62476132	8.72166e-47
rs55656202	8.96683e-47
rs117013262	9.50662e-47
rs2894156	1.31679e-46
rs55796529	1.48642e-46
rs12537716	1.51188e-46
rs60456123	1.58182e-46
rs28693815	1.65064e-46
rs6961286	1.66523e-46
rs7455767	1.85175e-46
rs7786864	1.85175e-46
rs55900632	1.85175e-46
rs7791928	1.97969e-46
rs1073219	2.0021e-46
rs11982474	2.0021e-46
rs7806553	2.0021e-46
rs58174071	2.0021e-46
rs35767990	7.56759e-46
rs59657687	8.35477e-46
rs56136883	2.31032e-45
rs6966194	2.74236e-45
rs17595064	1.14481e-44
rs35195462	7.0675e-44
rs4729388	2.66706e-43
rs13236364	6.56687e-43
rs62478984	5.2805e-39
rs62478986	6.18208e-39
rs10259636	6.25822e-39
rs116978309	1.2243e-38
rs35714111	6.43106e-38
rs7808061	8.12528e-38
rs35718804	1.63894e-36
rs12669125	2.33807e-36
rs6465634	2.26441e-35
rs34573462	5.2218e-35
rs2005752	1.64992e-33
rs1017070	9.82993e-33
rs11768092	1.76047e-32
rs73140945	1.10512e-31
rs10248654	1.13623e-30
rs71561649	1.96419e-30
rs386715988	1.96419e-30
rs2108614	3.69036e-30
rs187338551	4.84999e-30
rs67761639	5.19531e-30
rs17279084	5.54918e-30
rs13239070	5.89946e-30
rs10255709	8.02006e-30
rs4644174	8.98865e-30
rs11978245	1.04422e-29
rs149163769	1.33234e-29
rs73140906	1.42857e-29
rs9640651	1.51481e-29
rs200607199	1.63878e-29
rs17271261	1.6901e-29
rs34081292	1.85936e-29
rs72615154	1.86413e-29
rs6465617	1.88417e-29
rs73139196	1.89039e-29
rs17343370	1.89039e-29
rs4729381	2.03811e-29
rs11983222	2.05542e-29
rs11976496	2.05542e-29
rs4729385	2.1122e-29
rs143422964	2.19085e-29
rs11979735	2.35576e-29
rs7797053	2.37192e-29
rs6963927	2.54406e-29
rs67120998	2.76505e-29
rs4729378	2.76846e-29
rs67042029	2.79604e-29
rs11979962	3.25867e-29
rs67096327	3.56633e-29
rs4729377	3.61634e-29
rs7456490	3.61634e-29
rs138126502	3.61634e-29
rs149741432	3.61634e-29
rs2159087	3.68237e-29
rs2108613	3.777e-29
rs17344446	3.84575e-29
rs7797673	3.92569e-29
rs4727374	4.46791e-29
rs17278667	4.84664e-29
rs66471276	5.35776e-29
rs7784554	6.00634e-29
rs4729375	8.26526e-29
rs7784046	1.17144e-27
rs56079400	1.72305e-26
rs1397202	2.13925e-26
rs9801542	2.87282e-26
rs13225255	5.00865e-25
rs142435214	7.73056e-25
rs4727375	1.30477e-24
rs13438327	1.36118e-24
rs35525152	1.51999e-24
rs4727376	1.88211e-24
rs112508071	2.56314e-24
rs34752342	2.80964e-24
rs28733191	3.51557e-24
rs7789040	3.6999e-24
rs7789181	3.6999e-24
rs34706362	3.93307e-24
rs10277460	4.10353e-24
rs13231206	4.63371e-24
rs28697591	4.7755e-24
rs10248044	4.80339e-24
rs35218994	4.85413e-24
rs13234580	4.85413e-24
rs13235265	4.85413e-24
rs28609743	4.85413e-24
rs28613451	4.85413e-24
rs28625525	4.85413e-24
rs112830011	5.1219e-24
rs13246032	5.12923e-24
rs34701881	5.15977e-24
rs10277446	5.19158e-24
rs35318583	5.29883e-24
rs35481514	5.59811e-24
rs13234134	5.71177e-24
rs13242307	5.78007e-24
rs12704956	6.20966e-24
rs10251155	6.42453e-24
rs13231319	6.71873e-24
rs13308002	6.86608e-24
rs34556006	7.19178e-24
rs34757976	7.19178e-24
rs11975817	7.38667e-24
rs2894160	7.83419e-24
rs1636545	7.91975e-24
rs12112779	8.08994e-24
rs13234789	8.16531e-24
rs68098129	1.0075e-23
rs112178866	1.03944e-23
rs1621674	1.07145e-23
rs3757675	1.23429e-23
rs35063198	1.2394e-23
rs71563547	1.27159e-23
rs13226830	1.44562e-23
rs34180334	1.55086e-23
rs10231883	1.55086e-23
rs71563549	1.55086e-23
rs2665451	1.66599e-23
rs17169235	1.79121e-23
rs12113397	1.9386e-23
rs1234566	3.11054e-23
rs1229551	3.1204e-23
rs1229567	3.68206e-23
rs1229527	4.36773e-23
rs111393376	5.37439e-23
rs2530164	6.04288e-23
rs7797830	1.30706e-22
rs6465630	5.65246e-22
rs147393899	2.35628e-21
rs34055050	2.44842e-21
rs79345587	2.82853e-21
rs35475149	3.71712e-21
rs6948093	5.358e-21
rs12530996	1.16046e-20
rs2282377	1.31041e-20
rs35665426	2.23612e-20
rs71552570	2.86887e-20
rs12587641	3.07999e-20
rs112102307	3.4224e-20
rs8012505	3.9136e-20
rs2298000	4.35352e-20
rs61997622	4.98013e-20
rs79666856	5.74251e-20
rs759658	5.91478e-20
rs12587599	1.22558e-19
rs62478981	2.32176e-19
rs9691866	3.20631e-19
rs12397744	4.49993e-19
rs61997624	7.96725e-19
rs1229536	1.39551e-18
rs10255649	1.45953e-18
rs143439126	1.7724e-18
rs2665441	1.78086e-18
rs2665466	1.82545e-18
rs714117	1.8468e-18
rs1229537	2.06124e-18
rs1620646	2.23159e-18
rs2530130	2.34267e-18
rs28701170	2.35196e-18
rs34992931	2.35196e-18
rs1620647	2.36362e-18
rs1620758	2.6322e-18
rs2530134	2.66899e-18
rs6947443	2.72064e-18
rs2530137	2.80806e-18
rs62496924	3.0592e-18
rs34033469	3.07948e-18
rs993057	3.11969e-18
rs1229540	3.22714e-18
rs1229560	3.58722e-18
rs2665440	4.00347e-18
rs2530156	4.47521e-18
rs1229550	4.51174e-18
rs10245421	4.66199e-18
rs7158957	4.7142e-18
rs2530162	4.83228e-18
rs2530145	5.61832e-18
rs2136703	5.7915e-18
rs2530131	7.94037e-18
rs12590368	9.17475e-18
rs147589156	1.1711e-17
rs1744297	1.30674e-17
rs1771014	1.41942e-17
rs1771013	1.48627e-17
rs1744293	1.53015e-17
rs1744294	1.53015e-17
rs7780056	1.83151e-17
rs7796698	1.99736e-17
rs148796911	2.16173e-17
rs6960546	3.11455e-17
rs4729399	3.24853e-17
rs147431999	3.95537e-17
rs1229436	4.03271e-17
rs12589461	4.08802e-17
rs737394	4.65617e-17
rs1229434	5.21972e-17
rs11625113	6.78445e-17
rs1229533	7.49114e-17
rs7799577	7.81672e-17
rs1848855	7.89508e-17
rs141131136	8.20245e-17
rs12587001	9.17518e-17
rs6465627	1.04192e-16
rs1229539	1.07033e-16
rs7779913	1.08944e-16
rs199831956	1.237e-16
rs1848854	1.28428e-16
rs138815561	1.28741e-16
rs1912447	1.32915e-16
rs1912446	1.32915e-16
rs1912445	1.32915e-16
rs2530133	1.32915e-16
rs2665450	1.32915e-16
rs2665445	1.32915e-16
rs201561367	1.34276e-16
rs6465620	1.45068e-16
rs2665439	1.47578e-16
rs7777928	1.4992e-16
rs35337729	1.53816e-16
rs6465618	1.54134e-16
rs139621111	1.56871e-16
rs62478704	1.58158e-16
rs150621089	1.64813e-16
rs6465624	1.65212e-16
rs36198366	1.65212e-16
rs201956391	1.65212e-16
rs56303544	1.65212e-16
rs2530135	1.65212e-16
rs1876990	1.65212e-16
rs7794728	1.70671e-16
rs6465623	1.72841e-16
rs2530159	1.73324e-16
rs138795598	1.78492e-16
rs2665463	1.83254e-16
rs2530153	1.83484e-16
rs2530158	1.86485e-16
rs2530155	1.86485e-16
rs34607609	1.86485e-16
rs2530154	1.86485e-16
rs2530152	1.86485e-16
rs2530150	1.86485e-16
rs6465619	1.86485e-16
rs6465621	1.86485e-16
rs7779165	1.86485e-16
rs7779066	1.86485e-16
rs7779120	1.86485e-16
rs2530147	1.86485e-16
rs2530146	1.86485e-16
rs2530144	1.86485e-16
rs2665458	1.86485e-16
rs1828371	1.86485e-16
rs1828370	1.86485e-16
rs201328672	1.86485e-16
rs148017844	1.86485e-16
rs7795305	1.86485e-16
rs2665457	1.86485e-16
rs145833426	1.86485e-16
rs138837574	1.86485e-16
rs2665454	1.87773e-16
rs147420170	1.90067e-16
rs191197874	1.97277e-16
rs3757674	1.99707e-16
rs2665459	2.0016e-16
rs2665453	2.01742e-16
rs2665452	2.09675e-16
rs4568556	2.18593e-16
rs7797354	2.20723e-16
rs10253639	2.20939e-16
rs6465622	2.24999e-16
rs117278725	2.41034e-16
rs142086273	2.54535e-16
rs2665465	2.64923e-16
rs10234646	2.80951e-16
rs6465626	2.89388e-16
rs2665443	2.94998e-16
rs10953232	3.00466e-16
rs35663180	3.04955e-16
rs11623299	3.21651e-16
rs61391861	3.30087e-16
rs3757676	3.58931e-16
rs11627783	3.83268e-16
rs2906872	3.87008e-16
rs10953233	3.94726e-16
rs757347768	4.03924e-16
rs2530126	4.05739e-16
rs4729384	4.25667e-16
rs6979059	4.32483e-16
rs2530129	4.41755e-16
rs2530148	4.47993e-16
rs2530128	4.52517e-16
rs2530132	4.56794e-16
rs2665448	4.56794e-16
rs2941405	4.56794e-16
rs2665447	4.56794e-16
rs2665446	4.56794e-16
rs150506111	4.79458e-16
rs2941403	4.80041e-16
rs7803035	4.84096e-16
rs2665444	4.85218e-16
rs2665449	5.06864e-16
rs2136704	5.65777e-16
rs7808810	5.80028e-16
rs2530149	6.41326e-16
rs7795676	6.41326e-16
rs148070984	6.61354e-16
rs138331421	7.04621e-16
rs2941404	8.00359e-16
rs150672007	8.54132e-16
rs7792744	8.88712e-16
rs750062	1.10288e-15
rs4727383	2.86516e-15
rs62478996	3.96917e-15
rs117626603	7.42521e-15
rs61198277	1.14487e-14
rs775570780	1.21949e-14
rs3735259	1.36104e-14
rs74402204	1.64563e-14
rs200803386	1.73685e-14
rs558166428	1.9936e-14
rs56242627	2.85707e-14
rs2237287	4.25826e-14
rs183031696	4.59161e-14
rs7810919	5.56966e-14
rs151184758	6.69811e-14
rs10278321	7.34685e-14
rs2394741	8.06907e-14
rs2074891	8.82582e-14
rs11628529	1.19792e-13
rs10263979	1.25713e-13
rs6465614	1.51711e-13
rs11626880	1.7659e-13
rs2394738	2.05964e-13
rs10261265	2.19417e-13
rs6961709	2.23182e-13
rs10261245	2.41329e-13
rs1966346	2.53523e-13
rs1034696	2.83129e-13
rs6465611	2.90924e-13
rs6465609	2.96891e-13
rs6971265	3.33264e-13
rs6465612	3.39335e-13
rs6465610	3.46282e-13
rs117546412	3.60985e-13
rs6979627	3.65956e-13
rs6945396	3.74666e-13
rs143966294	3.75629e-13
rs34563573	4.04285e-13
rs74882275	8.30438e-13
rs17268494	8.3709e-13
rs11767728	9.24731e-13
rs1510303	1.79209e-12
rs1510301	2.06617e-12
rs1848845	2.17549e-12
rs1912442	2.17901e-12
rs6947691	2.17901e-12
rs6967888	2.20473e-12
rs6948184	2.49898e-12
rs10247565	2.56594e-12
rs1912444	2.74001e-12
rs6948180	2.83498e-12
rs10256060	2.83498e-12
rs6955894	2.83498e-12
rs2107139	2.83498e-12
rs1912441	2.92645e-12
rs6979730	2.99975e-12
rs7787035	3.20503e-12
rs6465613	3.32387e-12
rs6967620	3.36185e-12
rs1510302	3.84401e-12
rs10244679	3.84401e-12
rs1890986	4.16273e-12
rs1912443	4.35591e-12
rs2107138	4.83026e-12
rs117825190	5.61506e-12
rs6465607	6.62951e-12
rs13245475	6.98009e-12
rs34839045	7.35675e-12
rs2072100	1.08956e-11
rs2237288	1.54217e-11
rs75657174	1.79858e-11
rs142788971	2.3588e-11
rs117633706	2.71186e-11
rs34878411	2.74702e-11
rs8019465	3.28434e-11
rs61997625	3.30094e-11
rs12588393	3.42432e-11
rs56243036	3.64452e-11
rs142074546	4.32567e-11
rs13246189	4.64105e-11
rs71108244	5.28966e-11
rs9801627	6.49691e-11
rs13237505	7.18038e-11
rs34351800	7.63752e-11
rs12588869	7.73358e-11
rs35498035	7.9779e-11
rs13246390	8.26126e-11
rs34362765	8.95218e-11
rs4900609	9.72505e-11
rs2004855	1.13877e-10
rs1616542	1.22978e-10
rs7156718	1.50481e-10
rs34309041	1.8461e-10
rs117400919	1.90759e-10
rs140150286	2.23292e-10
rs6465608	2.45977e-10
rs1770983	2.84256e-10
rs7350032	3.28649e-10
rs13241023	3.40529e-10
rs35432379	5.32595e-10
rs941952	5.80052e-10
rs1744286	6.14274e-10
rs35058078	7.28556e-10
rs12667967	1.25574e-09
rs749784213	1.41108e-09
rs61997636	1.47377e-09
rs549040396	1.47757e-09
rs941954	1.54628e-09
rs79462677	1.78261e-09
rs10486008	1.90547e-09
rs73149046	1.99818e-09
rs10268482	2.0067e-09
rs6949338	2.60056e-09
rs12588775	3.39656e-09
rs1510300	3.48141e-09
rs61997639	3.76543e-09
rs2072099	4.40984e-09
rs58369344	4.48962e-09
rs56685852	5.39029e-09
rs116871908	5.72752e-09
rs78377407	5.75925e-09
rs554006478	5.86224e-09
rs7800746	5.95019e-09
rs2887436	6.42176e-09
rs3779470	6.55144e-09
rs4602814	6.59516e-09
rs183974417	6.61905e-09
rs4526299	6.81167e-09
rs1034694	6.93861e-09
rs28740842	6.99851e-09
rs62497287	7.00026e-09
rs4598190	7.11153e-09
rs28475844	7.14402e-09
rs78145257	7.27214e-09
rs28674851	7.27214e-09
rs12532490	7.33807e-09
rs12534885	7.33807e-09
rs75945389	7.37795e-09
rs76993791	7.62353e-09
rs78453589	7.92476e-09
rs2011069	8.35049e-09
rs6962960	8.77742e-09
rs190898853	1.0125e-08
rs1510304	1.5042e-08
rs1237992	1.54008e-08
rs62499605	1.588e-08
rs76172068	1.69144e-08
rs12155264	1.84588e-08
rs28576085	1.92231e-08
rs79910921	2.16795e-08
rs76707087	2.16795e-08
rs149043985	2.16795e-08
rs67565648	2.66411e-08
rs2523124	2.88498e-08
rs180992689	2.89392e-08
rs58089327	3.17306e-08
rs7801193	3.18299e-08
rs1049674	3.54354e-08
rs2394762	3.8046e-08
rs2169387	4.00599e-08
rs2894138	4.02822e-08
rs2126263	4.12055e-08
rs17345286	4.1902e-08
rs369316813	4.33637e-08
rs67873970	4.34537e-08
rs1047891	4.70748e-08
