exposure	outcome	id.exposure	id.outcome	samplesize	SNP	b	se	p
Kynurenine levels	Myocarditis	ebi-met1400-GCST90199636	finngen_R10_I9_MYOCARD		rs10216901	0.337374304692985	0.393467624345196	0.391202568444255
Kynurenine levels	Myocarditis	ebi-met1400-GCST90199636	finngen_R10_I9_MYOCARD		rs3184504	0.449422980895489	0.334130125205748	0.178607874534747
Kynurenine levels	Myocarditis	ebi-met1400-GCST90199636	finngen_R10_I9_MYOCARD		rs4843270	0.40399801582477	0.204092361411682	0.0477612902640832
Kynurenine levels	Myocarditis	ebi-met1400-GCST90199636	finngen_R10_I9_MYOCARD		rs61825638	0.745567595419554	0.321118810129892	0.0202447235621537
Kynurenine levels	Myocarditis	ebi-met1400-GCST90199636	finngen_R10_I9_MYOCARD		rs6540080	-0.24861526772726	0.343736043807388	0.46951169828253
Kynurenine levels	Myocarditis	ebi-met1400-GCST90199636	finngen_R10_I9_MYOCARD		All - Inverse variance weighted	0.365196011789701	0.142791782759392	0.0105414763462652
Kynurenine levels	Myocarditis	ebi-met1400-GCST90199636	finngen_R10_I9_MYOCARD		All - MR Egger	0.62336336707358	0.541740299242043	0.333265149025647
X-25422 levels	Myocarditis	ebi-met1400-GCST90200661	finngen_R10_I9_MYOCARD		rs10240723	-0.314801988585881	0.148622412503461	0.0341638327261809
X-25422 levels	Myocarditis	ebi-met1400-GCST90200661	finngen_R10_I9_MYOCARD		rs1047891	-0.471032435656606	0.445896237304462	0.290798154160613
X-25422 levels	Myocarditis	ebi-met1400-GCST90200661	finngen_R10_I9_MYOCARD		rs1510303	-0.343844890041371	0.350872938894277	0.327101017323172
X-25422 levels	Myocarditis	ebi-met1400-GCST90200661	finngen_R10_I9_MYOCARD		rs1620646	-0.508051612903226	0.297423483870968	0.0876037178310426
X-25422 levels	Myocarditis	ebi-met1400-GCST90200661	finngen_R10_I9_MYOCARD		rs2169387	-0.186130299033525	0.374295635585958	0.61899054839168
X-25422 levels	Myocarditis	ebi-met1400-GCST90200661	finngen_R10_I9_MYOCARD		rs2282377	-0.225717787821315	0.273188128001291	0.408670392969767
X-25422 levels	Myocarditis	ebi-met1400-GCST90200661	finngen_R10_I9_MYOCARD		All - Inverse variance weighted	-0.326923577686009	0.10525386538768	0.00189605815555531
X-25422 levels	Myocarditis	ebi-met1400-GCST90200661	finngen_R10_I9_MYOCARD		All - MR Egger	-0.281004764509916	0.279835512800897	0.372110840063586
Deoxycarnitine levels	Myocarditis	ebi-met1400-GCST90199813	finngen_R10_I9_MYOCARD		rs10774021	-0.255351403364431	0.108483671778696	0.018581437413303
Deoxycarnitine levels	Myocarditis	ebi-met1400-GCST90199813	finngen_R10_I9_MYOCARD		rs1171615	0.0826791898783975	0.337975679491953	0.806742476183284
Deoxycarnitine levels	Myocarditis	ebi-met1400-GCST90199813	finngen_R10_I9_MYOCARD		rs17243908	-0.140875891325932	0.398942142792671	0.723995770249454
Deoxycarnitine levels	Myocarditis	ebi-met1400-GCST90199813	finngen_R10_I9_MYOCARD		rs2072536	-0.449503246939702	0.411816901202274	0.275047486374202
Deoxycarnitine levels	Myocarditis	ebi-met1400-GCST90199813	finngen_R10_I9_MYOCARD		rs2255531	0.225223302373925	0.405154713667161	0.578282935489339
Deoxycarnitine levels	Myocarditis	ebi-met1400-GCST90199813	finngen_R10_I9_MYOCARD		All - Inverse variance weighted	-0.206587810386346	0.0944923051693536	0.0287942184706151
Deoxycarnitine levels	Myocarditis	ebi-met1400-GCST90199813	finngen_R10_I9_MYOCARD		All - MR Egger	-0.310817766286274	0.172397369344002	0.169185505033094
5-acetylamino-6-formylamino-3-methyluracil levels	Myocarditis	ebi-met1400-GCST90200680	finngen_R10_I9_MYOCARD		rs1115784	-0.129998802404771	0.0600777638501888	0.030476459990355
5-acetylamino-6-formylamino-3-methyluracil levels	Myocarditis	ebi-met1400-GCST90200680	finngen_R10_I9_MYOCARD		rs12545528	-0.0243119299570146	0.224905322633675	0.913917551173151
5-acetylamino-6-formylamino-3-methyluracil levels	Myocarditis	ebi-met1400-GCST90200680	finngen_R10_I9_MYOCARD		rs7836592	-0.144093102215868	0.317484810578985	0.649930851023176
5-acetylamino-6-formylamino-3-methyluracil levels	Myocarditis	ebi-met1400-GCST90200680	finngen_R10_I9_MYOCARD		rs971770	-0.451144599190345	0.208139583595157	0.0301959988748427
5-acetylamino-6-formylamino-3-methyluracil levels	Myocarditis	ebi-met1400-GCST90200680	finngen_R10_I9_MYOCARD		All - Inverse variance weighted	-0.146562985761883	0.0550621438189156	0.00777300360508163
5-acetylamino-6-formylamino-3-methyluracil levels	Myocarditis	ebi-met1400-GCST90200680	finngen_R10_I9_MYOCARD		All - MR Egger	-0.135433670526909	0.103243928816063	0.319942892545803
1-stearoyl-GPE (18:0) levels	Myocarditis	ebi-met1400-GCST90199772	finngen_R10_I9_MYOCARD		rs139097404	-0.972718252253311	0.903678939016253	0.28174927189035
1-stearoyl-GPE (18:0) levels	Myocarditis	ebi-met1400-GCST90199772	finngen_R10_I9_MYOCARD		rs174560	0.430893841974019	0.392136739539657	0.271839744816571
1-stearoyl-GPE (18:0) levels	Myocarditis	ebi-met1400-GCST90199772	finngen_R10_I9_MYOCARD		rs35853021	0.34204463436435	0.172702678157458	0.0476428364157808
1-stearoyl-GPE (18:0) levels	Myocarditis	ebi-met1400-GCST90199772	finngen_R10_I9_MYOCARD		rs438811	-0.165095494191057	0.358857344778846	0.645473986009532
1-stearoyl-GPE (18:0) levels	Myocarditis	ebi-met1400-GCST90199772	finngen_R10_I9_MYOCARD		rs633695	-0.0198628989440151	0.227045012093682	0.930286476872765
1-stearoyl-GPE (18:0) levels	Myocarditis	ebi-met1400-GCST90199772	finngen_R10_I9_MYOCARD		rs77692382	0.388851761350959	0.240836784561717	0.106400324605494
1-stearoyl-GPE (18:0) levels	Myocarditis	ebi-met1400-GCST90199772	finngen_R10_I9_MYOCARD		rs780093	0.552631608012839	0.410364735027839	0.178082039128592
1-stearoyl-GPE (18:0) levels	Myocarditis	ebi-met1400-GCST90199772	finngen_R10_I9_MYOCARD		All - Inverse variance weighted	0.233600141183423	0.104485550368766	0.025370302216558
1-stearoyl-GPE (18:0) levels	Myocarditis	ebi-met1400-GCST90199772	finngen_R10_I9_MYOCARD		All - MR Egger	0.142501350043142	0.35312689884913	0.703228837600954
