outcome_dataset	snp	exp_SNP	exp_chr	exp_pos	match_method	exp_effect_allele	exp_other_allele	beta_eqtl	se_eqtl	pval_eqtl	beta_gwas_aligned	se_gwas	pval_gwas	outcome_variant_id	SNP.PP.H4	posterior_column
Sakaue2021_BBJ_Myocarditis	rs59291726	rs59291726	7	17211078	rsID	T	C	0.273313082920104	0.0136712593623438	6.4911e-89	0.492086906888395	0.558403333155739	0.378188366062817	7:17211078:C:T	0.999999999999687	SNP.PP.H4
Sakaue2021_BBJ_Myocarditis	rs518136	rs518136	7	17081157	rsID	A	G	-0.150674182972047	0.00815495350674626	3.1982e-76	-0.104861773111757	0.159652607130246	0.511301706921201	7:17081157:G:A	2.94088782610507e-13	SNP.PP.H4
Sakaue2021_BBJ_Myocarditis	rs17137304	rs17137304	7	17196857	rsID	G	A	0.22821333134069	0.0124375071579989	3.3748e-75	-0.126542820767717	0.148477561762943	0.394064816287398	7:17196857:A:G	2.38624267909748e-14	SNP.PP.H4
Sakaue2021_BBJ_Myocarditis	rs4529355	rs4529355	7	17028698	rsID	T	C	-0.145795009021326	0.00811487048163938	3.5587e-72	-0.0848647264940928	0.168492013134053	0.614491815618449	7:17028698:C:T	2.71164508457927e-17	SNP.PP.H4
Sakaue2021_BBJ_Myocarditis	rs9638738	rs9638738	7	17033088	rsID	C	T	-0.143650529293328	0.00806110645746557	4.9084e-71	-0.115782746984039	0.1762332384345	0.511190003841067	7:17033088:T:C	2.14721126902274e-18	SNP.PP.H4
Sakaue2021_BBJ_Myocarditis	rs4631353	rs4631353	7	17034157	rsID	G	A	-0.143825998106969	0.00807961295127656	6.9171e-71	-0.115886402246375	0.176342507012358	0.511073811935576	7:17034157:A:G	1.53039189297034e-18	SNP.PP.H4
Sakaue2021_BBJ_Myocarditis	rs7782228	rs7782228	7	17034817	rsID	G	C	-0.143434502646486	0.0080792694721285	1.6165e-70	-0.0874338682571904	0.168228656506225	0.603250163986872	7:17034817:C:G	6.12954234514208e-19	SNP.PP.H4
Sakaue2021_BBJ_Myocarditis	rs17644994	rs17644994	7	17219869	rsID	T	G	0.284704621283072	0.0161274667363269	9.5811e-70	0.433093913362706	0.558804159639527	0.438317781813537	7:17219869:G:T	7.82807720820303e-20	SNP.PP.H4
Sakaue2021_BBJ_Myocarditis	rs10487582	rs10487582	7	17023371	rsID	T	C	-0.139743866790686	0.00817789482623398	1.8232e-65	-0.0851026860687532	0.169210122041283	0.615005845111273	7:17023371:C:T	5.85529371090302e-24	SNP.PP.H4
Sakaue2021_BBJ_Myocarditis	rs77105779	rs77105779	7	17229567	rsID	A	G	0.273506100951552	0.0159823584965554	1.1913e-65	0.0465793967658816	0.205530045539105	0.820710998884574	7:17229567:G:A	5.50806901978378e-24	SNP.PP.H4
Sakaue2021_BBJ_Myocarditis	rs34767310	rs34767310	7	17043403	rsID	T	C	0.152399922924293	0.00932103919390663	4.3498e-60	0.18492104276428	0.252707139576418	0.464314907295857	7:17043403:C:T	3.37532031216944e-29	SNP.PP.H4
Sakaue2021_BBJ_Myocarditis	rs847460	rs847460	7	17073157	rsID	T	C	0.141798833045059	0.00869152985945467	7.7969e-60	0.0846445676382978	0.244298335348046	0.728981764869803	7:17073157:T:C	1.72067670120847e-29	SNP.PP.H4
Sakaue2021_BBJ_Myocarditis	rs1966586	rs1966586	7	17072566	rsID	C	T	0.141095176803118	0.00868117743205058	2.1339e-59	0.0285659240320715	0.212901173721076	0.893264532049892	7:17072566:C:T	5.84569280617972e-30	SNP.PP.H4
Sakaue2021_BBJ_Myocarditis	rs10252687	rs10252687	7	17067366	rsID	T	C	0.139735735656341	0.00868506424535344	3.0374e-58	0.152349530932649	0.14355342726249	0.28856536332506	7:17067366:T:C	4.819332775413e-31	SNP.PP.H4
Sakaue2021_BBJ_Myocarditis	rs75876133	rs75876133	7	17262196	rsID	G	T	0.237924831510772	0.014946998756794	4.7685e-57	-0.620227667216948	0.620637177638479	0.317629928702402	7:17262196:T:G	2.81460268115592e-32	SNP.PP.H4
Sakaue2021_BBJ_Myocarditis	rs7782872	rs7782872	7	17065230	rsID	C	T	0.137036174192408	0.00861272298816582	5.3328e-57	0.0733395908060293	0.213422309588566	0.731120040392399	7:17065230:C:T	2.48575966530081e-32	SNP.PP.H4
Sakaue2021_BBJ_Myocarditis	rs559710	rs559710	7	17077183	rsID	A	T	0.136555212623425	0.00860607744376324	1.069e-56	0.00236111580236475	0.206244493969777	0.990865905513673	7:17077183:A:T	1.19251100904152e-32	SNP.PP.H4
Sakaue2021_BBJ_Myocarditis	rs1029577	rs1029577	7	17065909	rsID	A	G	0.131473109599801	0.00830316276894807	1.8132e-56	0.147749811251753	0.141129397701188	0.295140979790882	7:17065909:A:G	8.10911738602459e-33	SNP.PP.H4
Sakaue2021_BBJ_Myocarditis	rs1029578	rs1029578	7	17065815	rsID	T	C	0.131039898640362	0.00831851471740654	6.5915e-56	0.147665410068698	0.141141517033393	0.295458384874249	7:17065815:T:C	2.25437773953735e-33	SNP.PP.H4
Sakaue2021_BBJ_Myocarditis	rs2163069	rs2163069	7	17067445	rsID	G	A	0.130284875745882	0.00829507113361406	1.3716e-55	0.138245951507994	0.14098024825263	0.32678751461966	7:17067445:G:A	1.03877432829388e-33	SNP.PP.H4
Sakaue2021_EUR_Myocarditis	rs17643734	rs17643734	7	17162882	chr_pos	G	A	0.47750368044453	0.0164997816324993	3.7714e-184	0.1309	0.1154	0.2568	7:17162882:A:G	0.999998379599339	SNP.PP.H4
Sakaue2021_EUR_Myocarditis	rs17700436	rs17700436	7	17167825	chr_pos	T	C	0.479520448277444	0.0168313027215861	1.5761e-178	0.0311	0.128	0.8082	7:17167825:C:T	1.61933826337264e-06	SNP.PP.H4
Sakaue2021_EUR_Myocarditis	rs75814517	rs75814517	7	17145526	chr_pos	A	G	0.469027139807754	0.0166271563467662	4.6127e-175	0.1396	0.1174	0.2345	7:17145526:G:A	1.06238734833649e-09	SNP.PP.H4
Sakaue2021_EUR_Myocarditis	rs74425990	rs74425990	7	17172484	chr_pos	T	C	0.466444284963214	0.0170407413685811	5.878e-165	0.2834	0.2542	0.2649	7:17172484:C:T	1.08273764552752e-19	SNP.PP.H4
Sakaue2021_EUR_Myocarditis	rs59291726	rs59291726	7	17211078	chr_pos	T	C	0.273313082920104	0.0136712593623438	6.4911e-89	0.1828	0.1072	0.08809	7:17211078:C:T	3.51307473996784e-94	SNP.PP.H4
Sakaue2021_EUR_Myocarditis	rs74919529	rs74919529	7	17269707	chr_pos	T	C	0.422520544579935	0.0212538692525508	6.1119e-88	0.0847	0.163	0.6034	7:17269707:C:T	2.93988744371057e-96	SNP.PP.H4
Sakaue2021_EUR_Myocarditis	rs518136	rs518136	7	17081157	chr_pos	A	G	-0.150674182972047	0.00815495350674626	3.1982e-76	0.0511	0.0585	0.382	7:17081157:G:A	3.91594967650842e-107	SNP.PP.H4
Sakaue2021_EUR_Myocarditis	rs17137304	rs17137304	7	17196857	chr_pos	G	A	0.22821333134069	0.0124375071579989	3.3748e-75	0.0683	0.0986	0.4887	7:17196857:A:G	4.02536419287486e-108	SNP.PP.H4
Sakaue2021_EUR_Myocarditis	rs4529355	rs4529355	7	17028698	chr_pos	T	C	-0.145795009021326	0.00811487048163938	3.5587e-72	0.0127	0.0583	0.8272	7:17028698:C:T	2.65552607580815e-111	SNP.PP.H4
Sakaue2021_EUR_Myocarditis	rs9638738	rs9638738	7	17033088	chr_pos	C	T	-0.143650529293328	0.00806110645746557	4.9084e-71	0.0187	0.0576	0.745	7:17033088:T:C	1.98552300566348e-112	SNP.PP.H4
Sakaue2021_EUR_Myocarditis	rs4631353	rs4631353	7	17034157	chr_pos	G	A	-0.143825998106969	0.00807961295127656	6.9171e-71	0.016	0.0576	0.7807	7:17034157:A:G	1.39632549181525e-112	SNP.PP.H4
Sakaue2021_EUR_Myocarditis	rs17644994	rs17644994	7	17219869	chr_pos	T	G	0.284704621283072	0.0161274667363269	9.5811e-70	0.1074	0.1284	0.4027	7:17219869:G:T	1.31462426947545e-113	SNP.PP.H4
Sakaue2021_EUR_Myocarditis	rs77105779	rs77105779	7	17229567	chr_pos	A	G	0.273506100951552	0.0159823584965554	1.1913e-65	0.1436	0.1243	0.2479	7:17229567:G:A	1.5334339124305e-117	SNP.PP.H4
Sakaue2021_EUR_Myocarditis	rs10487582	rs10487582	7	17023371	chr_pos	T	C	-0.139743866790686	0.00817789482623398	1.8232e-65	0.0291	0.0588	0.6208	7:17023371:C:T	6.31729759349939e-118	SNP.PP.H4
Sakaue2021_EUR_Myocarditis	rs34767310	rs34767310	7	17043403	chr_pos	T	C	0.152399922924293	0.00932103919390663	4.3498e-60	-0.0592	0.0744	0.4265	7:17043403:C:T	4.24652788372055e-123	SNP.PP.H4
Sakaue2021_EUR_Myocarditis	rs847460	rs847460	7	17073157	chr_pos	T	C	0.141798833045059	0.00869152985945467	7.7969e-60	0.0126	0.0654	0.8474	7:17073157:T:C	1.63017203087534e-123	SNP.PP.H4
Sakaue2021_EUR_Myocarditis	rs1966586	rs1966586	7	17072566	chr_pos	C	T	0.141095176803118	0.00868117743205058	2.1339e-59	0.0093	0.0653	0.887	7:17072566:C:T	5.94403790722205e-124	SNP.PP.H4
Sakaue2021_EUR_Myocarditis	rs10252687	rs10252687	7	17067366	chr_pos	T	C	0.139735735656341	0.00868506424535344	3.0374e-58	-0.1142	0.0648	0.07819	7:17067366:T:C	1.70179593527618e-124	SNP.PP.H4
Sakaue2021_EUR_Myocarditis	rs75876133	rs75876133	7	17262196	chr_pos	G	T	0.237924831510772	0.014946998756794	4.7685e-57	0.1171	0.1208	0.3321	7:17262196:T:G	4.87501132611689e-126	SNP.PP.H4
Sakaue2021_EUR_Myocarditis	rs7782872	rs7782872	7	17065230	chr_pos	C	T	0.137036174192408	0.00861272298816582	5.3328e-57	-0.0049	0.0647	0.9396	7:17065230:C:T	2.43004495768679e-126	SNP.PP.H4
FinnGen_R12_I9_MYOCARD	rs17643734	rs17643734	7	17162882	rsID	G	A	0.47750368044453	0.0164997816324993	3.7714e-184	-0.00428581	0.0626635	0.945472	7:17123258:A:G	0.999995928439536	SNP.PP.H4
FinnGen_R12_I9_MYOCARD	rs17700436	rs17700436	7	17167825	rsID	T	C	0.479520448277444	0.0168313027215861	1.5761e-178	-0.069543	0.0716127	0.331499	7:17128201:C:T	4.07052830950428e-06	SNP.PP.H4
FinnGen_R12_I9_MYOCARD	rs75814517	rs75814517	7	17145526	rsID	A	G	0.469027139807754	0.0166271563467662	4.6127e-175	0.0111514	0.0637001	0.861032	7:17105902:G:A	1.03216236161897e-09	SNP.PP.H4
FinnGen_R12_I9_MYOCARD	rs74425990	rs74425990	7	17172484	rsID	T	C	0.466444284963214	0.0170407413685811	5.878e-165	-0.0744869	0.0716456	0.298499	7:17132860:C:T	1.59944435386221e-19	SNP.PP.H4
FinnGen_R12_I9_MYOCARD	rs59291726	rs59291726	7	17211078	rsID	T	C	0.273313082920104	0.0136712593623438	6.4911e-89	-0.00172304	0.0612122	0.977544	7:17171454:C:T	1.91732545775627e-94	SNP.PP.H4
FinnGen_R12_I9_MYOCARD	rs74919529	rs74919529	7	17269707	rsID	T	C	0.422520544579935	0.0212538692525508	6.1119e-88	-0.153798	0.0948487	0.104908	7:17230083:C:T	1.45750579380204e-95	SNP.PP.H4
FinnGen_R12_I9_MYOCARD	rs518136	rs518136	7	17081157	rsID	A	G	-0.150674182972047	0.00815495350674626	3.1982e-76	0.0524734	0.0325057	0.106466	7:17041533:G:A	1.53105905881629e-106	SNP.PP.H4
FinnGen_R12_I9_MYOCARD	rs17137304	rs17137304	7	17196857	rsID	G	A	0.22821333134069	0.0124375071579989	3.3748e-75	-0.033102	0.0564123	0.557346	7:17157233:A:G	6.51916301213887e-108	SNP.PP.H4
FinnGen_R12_I9_MYOCARD	rs4529355	rs4529355	7	17028698	rsID	T	C	-0.145795009021326	0.00811487048163938	3.5587e-72	0.0126389	0.0323717	0.696218	7:16989074:C:T	4.36560335344134e-111	SNP.PP.H4
FinnGen_R12_I9_MYOCARD	rs9638738	rs9638738	7	17033088	rsID	C	T	-0.143650529293328	0.00806110645746557	4.9084e-71	0.00951202	0.0320373	0.76654	7:16993464:T:C	3.08317059115486e-112	SNP.PP.H4
FinnGen_R12_I9_MYOCARD	rs4631353	rs4631353	7	17034157	rsID	G	A	-0.143825998106969	0.00807961295127656	6.9171e-71	0.0094703	0.0320377	0.767536	7:16994533:A:G	2.19589683265759e-112	SNP.PP.H4
FinnGen_R12_I9_MYOCARD	rs17644994	rs17644994	7	17219869	rsID	T	G	0.284704621283072	0.0161274667363269	9.5811e-70	-0.0566297	0.0744393	0.446807	7:17180245:G:T	2.32692088756163e-113	SNP.PP.H4
FinnGen_R12_I9_MYOCARD	rs77105779	rs77105779	7	17229567	rsID	A	G	0.273506100951552	0.0159823584965554	1.1913e-65	-0.0164925	0.0714076	0.817344	7:17189943:G:A	1.6839821231942e-117	SNP.PP.H4
FinnGen_R12_I9_MYOCARD	rs10487582	rs10487582	7	17023371	rsID	T	C	-0.139743866790686	0.00817789482623398	1.8232e-65	0.0158719	0.0326507	0.626888	7:16983747:C:T	9.88438154003125e-118	SNP.PP.H4
FinnGen_R12_I9_MYOCARD	rs34767310	rs34767310	7	17043403	rsID	T	C	0.152399922924293	0.00932103919390663	4.3498e-60	-0.0154145	0.0434682	0.722876	7:17003779:C:T	5.6827362182879e-123	SNP.PP.H4
FinnGen_R12_I9_MYOCARD	rs847460	rs847460	7	17073157	rsID	T	C	0.141798833045059	0.00869152985945467	7.7969e-60	-0.00414145	0.0373658	0.911747	7:17033533:T:C	2.60379724822524e-123	SNP.PP.H4
FinnGen_R12_I9_MYOCARD	rs1966586	rs1966586	7	17072566	rsID	C	T	0.141095176803118	0.00868117743205058	2.1339e-59	-0.00503794	0.0373622	0.892738	7:17032942:C:T	9.60635729337735e-124	SNP.PP.H4
FinnGen_R12_I9_MYOCARD	rs10252687	rs10252687	7	17067366	rsID	T	C	0.139735735656341	0.00868506424535344	3.0374e-58	-0.0566175	0.0363507	0.119343	7:17027742:T:C	2.14105764266673e-124	SNP.PP.H4
FinnGen_R12_I9_MYOCARD	rs75876133	rs75876133	7	17262196	rsID	G	T	0.237924831510772	0.014946998756794	4.7685e-57	-0.0357679	0.0711652	0.615243	7:17222572:T:G	6.83505869834437e-126	SNP.PP.H4
FinnGen_R12_I9_MYOCARD	rs7782872	rs7782872	7	17065230	rsID	C	T	0.137036174192408	0.00861272298816582	5.3328e-57	-0.00121597	0.037	0.973783	7:17025606:C:T	3.91668597566086e-126	SNP.PP.H4
